201,1,2024-02-10,1
202,2,2026-02-01,0
203,2,2026-02-01,1
204,2,2026-02-01,0
205,2,2026-02-01,1
202,2,2026-02-04,1
203,2,2026-02-04,1
204,2,2026-02-04,1
205,2,2026-02-04,1
202,2,2026-02-07,1
203,2,2026-02-07,1
204,2,2026-02-07,1
205,2,2026-02-07,1
202,2,2026-02-10,1
203,2,2026-02-10,1
204,2,2026-02-10,1
205,2,2026-02-10,1
202,2,2026-02-13,0
203,2,2026-02-13,1
204,2,2026-02-13,0
205,2,2026-02-13,1
202,2,2026-02-16,1
203,2,2026-02-16,1
204,2,2026-02-16,1
205,2,2026-02-16,1
202,2,2026-02-19,1
203,2,2026-02-19,0
204,2,2026-02-19,1
205,2,2026-02-19,1
202,2,2026-02-22,1
203,2,2026-02-22,1
204,2,2026-02-22,0
205,2,2026-02-22,1
202,3,2026-02-01,1
203,3,2026-02-01,1
204,3,2026-02-01,1
205,3,2026-02-01,1
202,3,2026-02-04,1
203,3,2026-02-04,1
204,3,2026-02-04,1
205,3,2026-02-04,1
202,3,2026-02-07,1
203,3,2026-02-07,0
204,3,2026-02-07,1
205,3,2026-02-07,1
202,3,2026-02-10,1
203,3,2026-02-10,1
204,3,2026-02-10,1
205,3,2026-02-10,0
202,3,2026-02-13,1
203,3,2026-02-13,1
204,3,2026-02-13,1
205,3,2026-02-13,1
202,3,2026-02-16,0
203,3,2026-02-16,1
204,3,2026-02-16,1
205,3,2026-02-16,1
202,3,2026-02-19,1
203,3,2026-02-19,1
204,3,2026-02-19,1
205,3,2026-02-19,1
202,3,2026-02-22,1
203,3,2026-02-22,1
204,3,2026-02-22,1
205,3,2026-02-22,1
202,4,2026-02-01,1
203,4,2026-02-01,1
204,4,2026-02-01,1
205,4,2026-02-01,0
202,4,2026-02-04,1
203,4,2026-02-04,1
204,4,2026-02-04,1
205,4,2026-02-04,1
202,4,2026-02-07,0
203,4,2026-02-07,1
204,4,2026-02-07,1
205,4,2026-02-07,1
202,4,2026-02-10,1
203,4,2026-02-10,0
204,4,2026-02-10,1
205,4,2026-02-10,1
202,4,2026-02-13,0
203,4,2026-02-13,1
204,4,2026-02-13,1
205,4,2026-02-13,1
202,4,2026-02-16,1
203,4,2026-02-16,1
204,4,2026-02-16,1
205,4,2026-02-16,1
202,4,2026-02-19,1
203,4,2026-02-19,1
204,4,2026-02-19,1
205,4,2026-02-19,1
202,4,2026-02-22,1
203,4,2026-02-22,1
204,4,2026-02-22,1
205,4,2026-02-22,1
202,5,2026-02-01,1
203,5,2026-02-01,1
204,5,2026-02-01,1
205,5,2026-02-01,1
202,5,2026-02-04,1
203,5,2026-02-04,1
204,5,2026-02-04,1
205,5,2026-02-04,1
202,5,2026-02-07,1
203,5,2026-02-07,1
204,5,2026-02-07,1
205,5,2026-02-07,1
202,5,2026-02-10,1
203,5,2026-02-10,1
204,5,2026-02-10,1
205,5,2026-02-10,1
202,5,2026-02-13,1
203,5,2026-02-13,1
204,5,2026-02-13,1
205,5,2026-02-13,1
202,5,2026-02-16,1
203,5,2026-02-16,1
204,5,2026-02-16,1
205,5,2026-02-16,0
202,5,2026-02-19,1
203,5,2026-02-19,1
204,5,2026-02-19,0
205,5,2026-02-19,1
202,5,2026-02-22,0
203,5,2026-02-22,1
204,5,2026-02-22,1
205,5,2026-02-22,1
202,6,2026-02-01,1
203,6,2026-02-01,1
204,6,2026-02-01,1
205,6,2026-02-01,1
202,6,2026-02-04,1
203,6,2026-02-04,1
204,6,2026-02-04,0
205,6,2026-02-04,0
202,6,2026-02-07,1
203,6,2026-02-07,1
204,6,2026-02-07,1
205,6,2026-02-07,1
202,6,2026-02-10,0
203,6,2026-02-10,0
204,6,2026-02-10,1
205,6,2026-02-10,1
202,6,2026-02-13,1
203,6,2026-02-13,1
204,6,2026-02-13,1
205,6,2026-02-13,0
202,6,2026-02-16,0
203,6,2026-02-16,0
204,6,2026-02-16,1
205,6,2026-02-16,1
202,6,2026-02-19,0
203,6,2026-02-19,1
204,6,2026-02-19,0
205,6,2026-02-19,1
202,6,2026-02-22,1
203,6,2026-02-22,1
204,6,2026-02-22,1
205,6,2026-02-22,1
202,7,2026-02-01,0
203,7,2026-02-01,1
204,7,2026-02-01,1
205,7,2026-02-01,1
202,7,2026-02-04,1
203,7,2026-02-04,1
204,7,2026-02-04,1
205,7,2026-02-04,1
202,7,2026-02-07,1
203,7,2026-02-07,1
204,7,2026-02-07,1
205,7,2026-02-07,1
202,7,2026-02-10,1
203,7,2026-02-10,1
204,7,2026-02-10,1
205,7,2026-02-10,1
202,7,2026-02-13,0
203,7,2026-02-13,1
204,7,2026-02-13,1
205,7,2026-02-13,1
202,7,2026-02-16,1
203,7,2026-02-16,1
204,7,2026-02-16,1
205,7,2026-02-16,0
202,7,2026-02-19,1
203,7,2026-02-19,0
204,7,2026-02-19,1
205,7,2026-02-19,1
202,7,2026-02-22,1
203,7,2026-02-22,0
204,7,2026-02-22,1
205,7,2026-02-22,1
202,8,2026-02-01,1
203,8,2026-02-01,1
204,8,2026-02-01,1
205,8,2026-02-01,1
202,8,2026-02-04,1
203,8,2026-02-04,1
204,8,2026-02-04,1
205,8,2026-02-04,1
202,8,2026-02-07,1
203,8,2026-02-07,0
204,8,2026-02-07,0
205,8,2026-02-07,1
202,8,2026-02-10,0
203,8,2026-02-10,1
204,8,2026-02-10,1
205,8,2026-02-10,1
202,8,2026-02-13,1
203,8,2026-02-13,1
204,8,2026-02-13,0
205,8,2026-02-13,1
202,8,2026-02-16,1
203,8,2026-02-16,1
204,8,2026-02-16,1
205,8,2026-02-16,1
202,8,2026-02-19,1
203,8,2026-02-19,1
204,8,2026-02-19,1
205,8,2026-02-19,1
202,8,2026-02-22,1
203,8,2026-02-22,1
204,8,2026-02-22,1
205,8,2026-02-22,1
202,9,2026-02-01,1
203,9,2026-02-01,1
204,9,2026-02-01,1
205,9,2026-02-01,1
202,9,2026-02-04,1
203,9,2026-02-04,0
204,9,2026-02-04,1
205,9,2026-02-04,1
202,9,2026-02-07,1
203,9,2026-02-07,1
204,9,2026-02-07,1
205,9,2026-02-07,1
202,9,2026-02-10,1
203,9,2026-02-10,1
204,9,2026-02-10,1
205,9,2026-02-10,1
202,9,2026-02-13,1
203,9,2026-02-13,1
204,9,2026-02-13,1
205,9,2026-02-13,1
202,9,2026-02-16,1
203,9,2026-02-16,1
204,9,2026-02-16,1
205,9,2026-02-16,1
202,9,2026-02-19,1
203,9,2026-02-19,1
204,9,2026-02-19,0
205,9,2026-02-19,1
202,9,2026-02-22,1
203,9,2026-02-22,1
204,9,2026-02-22,1
205,9,2026-02-22,1
202,10,2026-02-01,1
203,10,2026-02-01,1
204,10,2026-02-01,1
205,10,2026-02-01,1
202,10,2026-02-04,1
203,10,2026-02-04,1
204,10,2026-02-04,0
205,10,2026-02-04,1
202,10,2026-02-07,0
203,10,2026-02-07,1
204,10,2026-02-07,1
205,10,2026-02-07,0
202,10,2026-02-10,1
203,10,2026-02-10,1
204,10,2026-02-10,0
205,10,2026-02-10,0
202,10,2026-02-13,1
203,10,2026-02-13,1
204,10,2026-02-13,1
205,10,2026-02-13,1
202,10,2026-02-16,1
203,10,2026-02-16,1
204,10,2026-02-16,1
205,10,2026-02-16,1
202,10,2026-02-19,1
203,10,2026-02-19,1
204,10,2026-02-19,0
205,10,2026-02-19,1
202,10,2026-02-22,1
203,10,2026-02-22,0
204,10,2026-02-22,1
205,10,2026-02-22,1
202,11,2026-02-01,1
203,11,2026-02-01,1
204,11,2026-02-01,1
205,11,2026-02-01,1
202,11,2026-02-04,0
203,11,2026-02-04,1
204,11,2026-02-04,1
205,11,2026-02-04,1
202,11,2026-02-07,1
203,11,2026-02-07,0
204,11,2026-02-07,1
205,11,2026-02-07,1
202,11,2026-02-10,1
203,11,2026-02-10,1
204,11,2026-02-10,1
205,11,2026-02-10,1
202,11,2026-02-13,1
203,11,2026-02-13,1
204,11,2026-02-13,1
205,11,2026-02-13,1
202,11,2026-02-16,1
203,11,2026-02-16,1
204,11,2026-02-16,1
205,11,2026-02-16,1
202,11,2026-02-19,1
203,11,2026-02-19,1
204,11,2026-02-19,1
205,11,2026-02-19,0
202,11,2026-02-22,1
203,11,2026-02-22,1
204,11,2026-02-22,0
205,11,2026-02-22,1
206,12,2026-02-08,1
207,12,2026-02-08,1
208,12,2026-02-08,1
209,12,2026-02-08,1
210,12,2026-02-08,1
206,12,2026-02-11,1
207,12,2026-02-11,1
208,12,2026-02-11,0
209,12,2026-02-11,0
210,12,2026-02-11,1
206,12,2026-02-14,1
207,12,2026-02-14,1
208,12,2026-02-14,1
209,12,2026-02-14,1
210,12,2026-02-14,1
206,12,2026-02-17,1
207,12,2026-02-17,1
208,12,2026-02-17,0
209,12,2026-02-17,1
210,12,2026-02-17,1
206,12,2026-02-20,0
207,12,2026-02-20,1
208,12,2026-02-20,1
209,12,2026-02-20,1
210,12,2026-02-20,1
206,12,2026-02-23,1
207,12,2026-02-23,1
208,12,2026-02-23,1
209,12,2026-02-23,1
210,12,2026-02-23,1
206,12,2026-02-26,1
207,12,2026-02-26,1
208,12,2026-02-26,1
209,12,2026-02-26,1
210,12,2026-02-26,1
206,12,2026-03-01,1
207,12,2026-03-01,1
208,12,2026-03-01,1
209,12,2026-03-01,0
210,12,2026-03-01,1
206,13,2026-02-08,1
207,13,2026-02-08,1
208,13,2026-02-08,1
209,13,2026-02-08,1
210,13,2026-02-08,1
206,13,2026-02-11,1
207,13,2026-02-11,0
208,13,2026-02-11,0
209,13,2026-02-11,1
210,13,2026-02-11,1
206,13,2026-02-14,0
207,13,2026-02-14,1
208,13,2026-02-14,1
209,13,2026-02-14,0
210,13,2026-02-14,1
206,13,2026-02-17,1
207,13,2026-02-17,1
208,13,2026-02-17,0
209,13,2026-02-17,1
210,13,2026-02-17,0
206,13,2026-02-20,0
207,13,2026-02-20,0
208,13,2026-02-20,1
209,13,2026-02-20,1
210,13,2026-02-20,1
206,13,2026-02-23,1
207,13,2026-02-23,1
208,13,2026-02-23,1
209,13,2026-02-23,1
210,13,2026-02-23,1
206,13,2026-02-26,1
207,13,2026-02-26,0
208,13,2026-02-26,1
209,13,2026-02-26,1
210,13,2026-02-26,0
206,13,2026-03-01,1
207,13,2026-03-01,1
208,13,2026-03-01,1
209,13,2026-03-01,1
210,13,2026-03-01,1
206,14,2026-02-08,1
207,14,2026-02-08,1
208,14,2026-02-08,1
209,14,2026-02-08,1
210,14,2026-02-08,1
206,14,2026-02-11,1
207,14,2026-02-11,1
208,14,2026-02-11,1
209,14,2026-02-11,1
210,14,2026-02-11,1
206,14,2026-02-14,0
207,14,2026-02-14,1
208,14,2026-02-14,1
209,14,2026-02-14,1
210,14,2026-02-14,1
206,14,2026-02-17,1
207,14,2026-02-17,1
208,14,2026-02-17,1
209,14,2026-02-17,1
210,14,2026-02-17,1
206,14,2026-02-20,1
207,14,2026-02-20,1
208,14,2026-02-20,1
209,14,2026-02-20,1
210,14,2026-02-20,1
206,14,2026-02-23,1
207,14,2026-02-23,1
208,14,2026-02-23,1
209,14,2026-02-23,1
210,14,2026-02-23,1
206,14,2026-02-26,1
207,14,2026-02-26,0
208,14,2026-02-26,1
209,14,2026-02-26,0
210,14,2026-02-26,1
206,14,2026-03-01,1
207,14,2026-03-01,1
208,14,2026-03-01,0
209,14,2026-03-01,1
210,14,2026-03-01,1
206,15,2026-02-08,0
207,15,2026-02-08,1
208,15,2026-02-08,0
209,15,2026-02-08,0
210,15,2026-02-08,1
206,15,2026-02-11,0
207,15,2026-02-11,1
208,15,2026-02-11,0
209,15,2026-02-11,1
210,15,2026-02-11,1
206,15,2026-02-14,1
207,15,2026-02-14,1
208,15,2026-02-14,1
209,15,2026-02-14,1
210,15,2026-02-14,0
206,15,2026-02-17,1
207,15,2026-02-17,1
208,15,2026-02-17,1
209,15,2026-02-17,1
210,15,2026-02-17,1
206,15,2026-02-20,1
207,15,2026-02-20,1
208,15,2026-02-20,1
209,15,2026-02-20,0
210,15,2026-02-20,1
206,15,2026-02-23,1
207,15,2026-02-23,1
208,15,2026-02-23,1
209,15,2026-02-23,1
210,15,2026-02-23,1
206,15,2026-02-26,1
207,15,2026-02-26,1
208,15,2026-02-26,0
209,15,2026-02-26,1
210,15,2026-02-26,1
206,15,2026-03-01,1
207,15,2026-03-01,1
208,15,2026-03-01,0
209,15,2026-03-01,1
210,15,2026-03-01,1
206,16,2026-02-08,1
207,16,2026-02-08,1
208,16,2026-02-08,1
209,16,2026-02-08,0
210,16,2026-02-08,1
206,16,2026-02-11,0
207,16,2026-02-11,1
208,16,2026-02-11,1
209,16,2026-02-11,1
210,16,2026-02-11,1
206,16,2026-02-14,1
207,16,2026-02-14,0
208,16,2026-02-14,1
209,16,2026-02-14,1
210,16,2026-02-14,1
206,16,2026-02-17,1
207,16,2026-02-17,0
208,16,2026-02-17,1
209,16,2026-02-17,1
210,16,2026-02-17,0
206,16,2026-02-20,1
207,16,2026-02-20,1
208,16,2026-02-20,1
209,16,2026-02-20,0
210,16,2026-02-20,1
206,16,2026-02-23,1
207,16,2026-02-23,1
208,16,2026-02-23,1
209,16,2026-02-23,1
210,16,2026-02-23,1
206,16,2026-02-26,1
207,16,2026-02-26,1
208,16,2026-02-26,1
209,16,2026-02-26,0
210,16,2026-02-26,1
206,16,2026-03-01,1
207,16,2026-03-01,1
208,16,2026-03-01,1
209,16,2026-03-01,1
210,16,2026-03-01,1
206,17,2026-02-08,0
207,17,2026-02-08,0
208,17,2026-02-08,0
209,17,2026-02-08,1
210,17,2026-02-08,1
206,17,2026-02-11,1
207,17,2026-02-11,1
208,17,2026-02-11,1
209,17,2026-02-11,1
210,17,2026-02-11,1
206,17,2026-02-14,1
207,17,2026-02-14,1
208,17,2026-02-14,1
209,17,2026-02-14,1
210,17,2026-02-14,1
206,17,2026-02-17,1
207,17,2026-02-17,1
208,17,2026-02-17,1
209,17,2026-02-17,1
210,17,2026-02-17,1
206,17,2026-02-20,1
207,17,2026-02-20,1
208,17,2026-02-20,1
209,17,2026-02-20,1
210,17,2026-02-20,1
206,17,2026-02-23,1
207,17,2026-02-23,1
208,17,2026-02-23,1
209,17,2026-02-23,0
210,17,2026-02-23,1
206,17,2026-02-26,1
207,17,2026-02-26,1
208,17,2026-02-26,1
209,17,2026-02-26,1
210,17,2026-02-26,0
206,17,2026-03-01,0
207,17,2026-03-01,1
208,17,2026-03-01,1
209,17,2026-03-01,1
210,17,2026-03-01,1
206,18,2026-02-08,1
207,18,2026-02-08,1
208,18,2026-02-08,1
209,18,2026-02-08,1
210,18,2026-02-08,1
206,18,2026-02-11,1
207,18,2026-02-11,1
208,18,2026-02-11,1
209,18,2026-02-11,0
210,18,2026-02-11,1
206,18,2026-02-14,0
207,18,2026-02-14,1
208,18,2026-02-14,0
209,18,2026-02-14,1
210,18,2026-02-14,1
206,18,2026-02-17,1
207,18,2026-02-17,1
208,18,2026-02-17,1
209,18,2026-02-17,1
210,18,2026-02-17,1
206,18,2026-02-20,1
207,18,2026-02-20,1
208,18,2026-02-20,1
209,18,2026-02-20,1
210,18,2026-02-20,1
206,18,2026-02-23,0
207,18,2026-02-23,1
208,18,2026-02-23,1
209,18,2026-02-23,0
210,18,2026-02-23,1
206,18,2026-02-26,1
207,18,2026-02-26,1
208,18,2026-02-26,1
209,18,2026-02-26,1
210,18,2026-02-26,1
206,18,2026-03-01,1
207,18,2026-03-01,1
208,18,2026-03-01,0
209,18,2026-03-01,1
210,18,2026-03-01,1
206,19,2026-02-08,1
207,19,2026-02-08,0
208,19,2026-02-08,1
209,19,2026-02-08,1
210,19,2026-02-08,1
206,19,2026-02-11,1
207,19,2026-02-11,1
208,19,2026-02-11,0
209,19,2026-02-11,1
210,19,2026-02-11,1
206,19,2026-02-14,1
207,19,2026-02-14,0
208,19,2026-02-14,0
209,19,2026-02-14,1
210,19,2026-02-14,1
206,19,2026-02-17,1
207,19,2026-02-17,1
208,19,2026-02-17,1
209,19,2026-02-17,1
210,19,2026-02-17,1
206,19,2026-02-20,1
207,19,2026-02-20,0
208,19,2026-02-20,1
209,19,2026-02-20,1
210,19,2026-02-20,1
206,19,2026-02-23,1
207,19,2026-02-23,1
208,19,2026-02-23,1
209,19,2026-02-23,1
210,19,2026-02-23,1
206,19,2026-02-26,1
207,19,2026-02-26,1
208,19,2026-02-26,0
209,19,2026-02-26,1
210,19,2026-02-26,1
206,19,2026-03-01,1
207,19,2026-03-01,0
208,19,2026-03-01,1
209,19,2026-03-01,1
210,19,2026-03-01,1
206,20,2026-02-08,1
207,20,2026-02-08,1
208,20,2026-02-08,1
209,20,2026-02-08,1
210,20,2026-02-08,1
206,20,2026-02-11,1
207,20,2026-02-11,1
208,20,2026-02-11,1
209,20,2026-02-11,1
210,20,2026-02-11,0
206,20,2026-02-14,1
207,20,2026-02-14,1
208,20,2026-02-14,1
209,20,2026-02-14,1
210,20,2026-02-14,1
206,20,2026-02-17,0
207,20,2026-02-17,0
208,20,2026-02-17,1
209,20,2026-02-17,1
210,20,2026-02-17,1
206,20,2026-02-20,1
207,20,2026-02-20,0
208,20,2026-02-20,1
209,20,2026-02-20,0
210,20,2026-02-20,1
206,20,2026-02-23,0
207,20,2026-02-23,1
208,20,2026-02-23,1
209,20,2026-02-23,0
210,20,2026-02-23,1
206,20,2026-02-26,0
207,20,2026-02-26,1
208,20,2026-02-26,0
209,20,2026-02-26,0
210,20,2026-02-26,1
206,20,2026-03-01,1
207,20,2026-03-01,1
208,20,2026-03-01,1
209,20,2026-03-01,0
210,20,2026-03-01,1
206,21,2026-02-08,1
207,21,2026-02-08,1
208,21,2026-02-08,1
209,21,2026-02-08,1
210,21,2026-02-08,1
206,21,2026-02-11,1
207,21,2026-02-11,1
208,21,2026-02-11,1
209,21,2026-02-11,1
210,21,2026-02-11,1
206,21,2026-02-14,1
207,21,2026-02-14,1
208,21,2026-02-14,1
209,21,2026-02-14,1
210,21,2026-02-14,1
206,21,2026-02-17,0
207,21,2026-02-17,0
208,21,2026-02-17,1
209,21,2026-02-17,1
210,21,2026-02-17,1
206,21,2026-02-20,1
207,21,2026-02-20,1
208,21,2026-02-20,1
209,21,2026-02-20,1
210,21,2026-02-20,1
206,21,2026-02-23,1
207,21,2026-02-23,1
208,21,2026-02-23,1
209,21,2026-02-23,1
210,21,2026-02-23,1
206,21,2026-02-26,1
207,21,2026-02-26,1
208,21,2026-02-26,0
209,21,2026-02-26,1
210,21,2026-02-26,0
206,21,2026-03-01,1
207,21,2026-03-01,1
208,21,2026-03-01,1
209,21,2026-03-01,1
210,21,2026-03-01,1
206,22,2026-02-08,1
207,22,2026-02-08,1
208,22,2026-02-08,1
209,22,2026-02-08,0
210,22,2026-02-08,1
206,22,2026-02-11,1
207,22,2026-02-11,1
208,22,2026-02-11,1
209,22,2026-02-11,1
210,22,2026-02-11,1
206,22,2026-02-14,1
207,22,2026-02-14,1
208,22,2026-02-14,1
209,22,2026-02-14,1
210,22,2026-02-14,1
206,22,2026-02-17,0
207,22,2026-02-17,1
208,22,2026-02-17,1
209,22,2026-02-17,0
210,22,2026-02-17,1
206,22,2026-02-20,1
207,22,2026-02-20,1
208,22,2026-02-20,1
209,22,2026-02-20,1
210,22,2026-02-20,1
206,22,2026-02-23,1
207,22,2026-02-23,1
208,22,2026-02-23,1
209,22,2026-02-23,1
210,22,2026-02-23,1
206,22,2026-02-26,0
207,22,2026-02-26,1
208,22,2026-02-26,1
209,22,2026-02-26,1
210,22,2026-02-26,1
206,22,2026-03-01,1
207,22,2026-03-01,1
208,22,2026-03-01,1
209,22,2026-03-01,1
210,22,2026-03-01,1
206,23,2026-02-08,1
207,23,2026-02-08,1
208,23,2026-02-08,1
209,23,2026-02-08,1
210,23,2026-02-08,1
206,23,2026-02-11,0
207,23,2026-02-11,0
208,23,2026-02-11,1
209,23,2026-02-11,1
210,23,2026-02-11,1
206,23,2026-02-14,1
207,23,2026-02-14,1
208,23,2026-02-14,1
209,23,2026-02-14,1
210,23,2026-02-14,1
206,23,2026-02-17,1
207,23,2026-02-17,1
208,23,2026-02-17,1
209,23,2026-02-17,1
210,23,2026-02-17,1
206,23,2026-02-20,1
207,23,2026-02-20,1
208,23,2026-02-20,1
209,23,2026-02-20,1
210,23,2026-02-20,1
206,23,2026-02-23,1
207,23,2026-02-23,1
208,23,2026-02-23,1
209,23,2026-02-23,1
210,23,2026-02-23,1
206,23,2026-02-26,1
207,23,2026-02-26,1
208,23,2026-02-26,1
209,23,2026-02-26,1
210,23,2026-02-26,1
206,23,2026-03-01,1
207,23,2026-03-01,1
208,23,2026-03-01,1
209,23,2026-03-01,1
210,23,2026-03-01,1
211,24,2026-02-15,1
212,24,2026-02-15,1
213,24,2026-02-15,1
214,24,2026-02-15,1
215,24,2026-02-15,1
211,24,2026-02-18,1
212,24,2026-02-18,1
213,24,2026-02-18,0
214,24,2026-02-18,0
215,24,2026-02-18,1
211,24,2026-02-21,1
212,24,2026-02-21,1
213,24,2026-02-21,1
214,24,2026-02-21,1
215,24,2026-02-21,0
211,24,2026-02-24,1
212,24,2026-02-24,1
213,24,2026-02-24,1
214,24,2026-02-24,1
215,24,2026-02-24,1
211,24,2026-02-27,1
212,24,2026-02-27,1
213,24,2026-02-27,1
214,24,2026-02-27,1
215,24,2026-02-27,1
211,24,2026-03-02,1
212,24,2026-03-02,1
213,24,2026-03-02,1
214,24,2026-03-02,1
215,24,2026-03-02,0
211,24,2026-03-05,1
212,24,2026-03-05,1
213,24,2026-03-05,1
214,24,2026-03-05,0
215,24,2026-03-05,1
211,24,2026-03-08,0
212,24,2026-03-08,0
213,24,2026-03-08,1
214,24,2026-03-08,1
215,24,2026-03-08,1
211,25,2026-02-15,1
212,25,2026-02-15,1
213,25,2026-02-15,1
214,25,2026-02-15,1
215,25,2026-02-15,1
211,25,2026-02-18,1
212,25,2026-02-18,1
213,25,2026-02-18,1
214,25,2026-02-18,1
215,25,2026-02-18,1
211,25,2026-02-21,1
212,25,2026-02-21,1
213,25,2026-02-21,1
214,25,2026-02-21,1
215,25,2026-02-21,1
211,25,2026-02-24,1
212,25,2026-02-24,0
213,25,2026-02-24,1
214,25,2026-02-24,1
215,25,2026-02-24,0
211,25,2026-02-27,0
212,25,2026-02-27,1
213,25,2026-02-27,1
214,25,2026-02-27,0
215,25,2026-02-27,1
211,25,2026-03-02,1
212,25,2026-03-02,1
213,25,2026-03-02,0
214,25,2026-03-02,1
215,25,2026-03-02,1
211,25,2026-03-05,1
212,25,2026-03-05,1
213,25,2026-03-05,1
214,25,2026-03-05,0
215,25,2026-03-05,1
211,25,2026-03-08,1
212,25,2026-03-08,1
213,25,2026-03-08,1
214,25,2026-03-08,1
215,25,2026-03-08,1
211,26,2026-02-15,1
212,26,2026-02-15,1
213,26,2026-02-15,0
214,26,2026-02-15,1
215,26,2026-02-15,1
211,26,2026-02-18,1
212,26,2026-02-18,1
213,26,2026-02-18,1
214,26,2026-02-18,1
215,26,2026-02-18,1
211,26,2026-02-21,1
212,26,2026-02-21,1
213,26,2026-02-21,1
214,26,2026-02-21,1
215,26,2026-02-21,1
211,26,2026-02-24,0
212,26,2026-02-24,1
213,26,2026-02-24,0
214,26,2026-02-24,1
215,26,2026-02-24,1
211,26,2026-02-27,1
212,26,2026-02-27,0
213,26,2026-02-27,0
214,26,2026-02-27,1
215,26,2026-02-27,1
211,26,2026-03-02,0
212,26,2026-03-02,1
213,26,2026-03-02,1
214,26,2026-03-02,0
215,26,2026-03-02,1
211,26,2026-03-05,0
212,26,2026-03-05,1
213,26,2026-03-05,1
214,26,2026-03-05,1
215,26,2026-03-05,1
211,26,2026-03-08,1
212,26,2026-03-08,1
213,26,2026-03-08,1
214,26,2026-03-08,1
215,26,2026-03-08,1
211,27,2026-02-15,1
212,27,2026-02-15,1
213,27,2026-02-15,1
214,27,2026-02-15,1
215,27,2026-02-15,1
211,27,2026-02-18,1
212,27,2026-02-18,1
213,27,2026-02-18,1
214,27,2026-02-18,1
215,27,2026-02-18,1
211,27,2026-02-21,0
212,27,2026-02-21,1
213,27,2026-02-21,0
214,27,2026-02-21,0
215,27,2026-02-21,1
211,27,2026-02-24,1
212,27,2026-02-24,1
213,27,2026-02-24,1
214,27,2026-02-24,1
215,27,2026-02-24,1
211,27,2026-02-27,1
212,27,2026-02-27,1
213,27,2026-02-27,1
214,27,2026-02-27,1
215,27,2026-02-27,1
211,27,2026-03-02,1
212,27,2026-03-02,0
213,27,2026-03-02,1
214,27,2026-03-02,1
215,27,2026-03-02,1
211,27,2026-03-05,0
212,27,2026-03-05,1
213,27,2026-03-05,1
214,27,2026-03-05,1
215,27,2026-03-05,1
211,27,2026-03-08,1
212,27,2026-03-08,1
213,27,2026-03-08,1
214,27,2026-03-08,1
215,27,2026-03-08,1
211,28,2026-02-15,0
212,28,2026-02-15,1
213,28,2026-02-15,1
214,28,2026-02-15,1
215,28,2026-02-15,1
211,28,2026-02-18,1
212,28,2026-02-18,1
213,28,2026-02-18,1
214,28,2026-02-18,1
215,28,2026-02-18,1
211,28,2026-02-21,0
212,28,2026-02-21,1
213,28,2026-02-21,1
214,28,2026-02-21,1
215,28,2026-02-21,1
211,28,2026-02-24,1
212,28,2026-02-24,1
213,28,2026-02-24,1
214,28,2026-02-24,1
215,28,2026-02-24,1
211,28,2026-02-27,1
212,28,2026-02-27,1
213,28,2026-02-27,0
214,28,2026-02-27,1
215,28,2026-02-27,1
211,28,2026-03-02,1
212,28,2026-03-02,1
213,28,2026-03-02,0
214,28,2026-03-02,1
215,28,2026-03-02,1
211,28,2026-03-05,1
212,28,2026-03-05,1
213,28,2026-03-05,1
214,28,2026-03-05,1
215,28,2026-03-05,1
211,28,2026-03-08,0
212,28,2026-03-08,1
213,28,2026-03-08,1
214,28,2026-03-08,1
215,28,2026-03-08,1
211,29,2026-02-15,1
212,29,2026-02-15,1
213,29,2026-02-15,1
214,29,2026-02-15,0
215,29,2026-02-15,1
211,29,2026-02-18,1
212,29,2026-02-18,1
213,29,2026-02-18,1
214,29,2026-02-18,1
215,29,2026-02-18,1
211,29,2026-02-21,1
212,29,2026-02-21,1
213,29,2026-02-21,0
214,29,2026-02-21,0
215,29,2026-02-21,0
211,29,2026-02-24,1
212,29,2026-02-24,1
213,29,2026-02-24,1
214,29,2026-02-24,1
215,29,2026-02-24,1
211,29,2026-02-27,1
212,29,2026-02-27,1
213,29,2026-02-27,1
214,29,2026-02-27,1
215,29,2026-02-27,1
211,29,2026-03-02,1
212,29,2026-03-02,1
213,29,2026-03-02,1
214,29,2026-03-02,1
215,29,2026-03-02,1
211,29,2026-03-05,1
212,29,2026-03-05,1
213,29,2026-03-05,1
214,29,2026-03-05,1
215,29,2026-03-05,1
211,29,2026-03-08,1
212,29,2026-03-08,1
213,29,2026-03-08,1
214,29,2026-03-08,1
215,29,2026-03-08,1
211,30,2026-02-15,0
212,30,2026-02-15,1
213,30,2026-02-15,1
214,30,2026-02-15,1
215,30,2026-02-15,1
211,30,2026-02-18,1
212,30,2026-02-18,1
213,30,2026-02-18,1
214,30,2026-02-18,1
215,30,2026-02-18,1
211,30,2026-02-21,1
212,30,2026-02-21,1
213,30,2026-02-21,1
214,30,2026-02-21,1
215,30,2026-02-21,1
211,30,2026-02-24,1
212,30,2026-02-24,1
213,30,2026-02-24,1
214,30,2026-02-24,1
215,30,2026-02-24,0
211,30,2026-02-27,1
212,30,2026-02-27,1
213,30,2026-02-27,1
214,30,2026-02-27,1
215,30,2026-02-27,1
211,30,2026-03-02,0
212,30,2026-03-02,1
213,30,2026-03-02,1
214,30,2026-03-02,1
215,30,2026-03-02,1
211,30,2026-03-05,1
212,30,2026-03-05,1
213,30,2026-03-05,0
214,30,2026-03-05,1
215,30,2026-03-05,1
211,30,2026-03-08,0
212,30,2026-03-08,0
213,30,2026-03-08,1
214,30,2026-03-08,1
215,30,2026-03-08,1
211,31,2026-02-15,1
212,31,2026-02-15,1
213,31,2026-02-15,1
214,31,2026-02-15,1
215,31,2026-02-15,0
211,31,2026-02-18,1
212,31,2026-02-18,1
213,31,2026-02-18,1
214,31,2026-02-18,1
215,31,2026-02-18,1
211,31,2026-02-21,0
212,31,2026-02-21,1
213,31,2026-02-21,1
214,31,2026-02-21,1
215,31,2026-02-21,1
211,31,2026-02-24,1
212,31,2026-02-24,1
213,31,2026-02-24,1
214,31,2026-02-24,1
215,31,2026-02-24,1
211,31,2026-02-27,1
212,31,2026-02-27,1
213,31,2026-02-27,1
214,31,2026-02-27,0
215,31,2026-02-27,1
211,31,2026-03-02,1
212,31,2026-03-02,1
213,31,2026-03-02,1
214,31,2026-03-02,1
215,31,2026-03-02,1
211,31,2026-03-05,1
212,31,2026-03-05,1
213,31,2026-03-05,1
214,31,2026-03-05,1
215,31,2026-03-05,1
211,31,2026-03-08,1
212,31,2026-03-08,1
213,31,2026-03-08,1
214,31,2026-03-08,1
215,31,2026-03-08,1
211,32,2026-02-15,0
212,32,2026-02-15,1
213,32,2026-02-15,0
214,32,2026-02-15,1
215,32,2026-02-15,1
211,32,2026-02-18,1
212,32,2026-02-18,1
213,32,2026-02-18,0
214,32,2026-02-18,1
215,32,2026-02-18,1
211,32,2026-02-21,0
212,32,2026-02-21,1
213,32,2026-02-21,1
214,32,2026-02-21,0
215,32,2026-02-21,1
211,32,2026-02-24,1
212,32,2026-02-24,0
213,32,2026-02-24,1
214,32,2026-02-24,1
215,32,2026-02-24,1
211,32,2026-02-27,1
212,32,2026-02-27,1
213,32,2026-02-27,1
214,32,2026-02-27,1
215,32,2026-02-27,1
211,32,2026-03-02,1
212,32,2026-03-02,0
213,32,2026-03-02,1
214,32,2026-03-02,1
215,32,2026-03-02,0
211,32,2026-03-05,1
212,32,2026-03-05,1
213,32,2026-03-05,1
214,32,2026-03-05,1
215,32,2026-03-05,1
211,32,2026-03-08,1
212,32,2026-03-08,1
213,32,2026-03-08,1
214,32,2026-03-08,1
215,32,2026-03-08,1
211,33,2026-02-15,1
212,33,2026-02-15,1
213,33,2026-02-15,1
214,33,2026-02-15,1
215,33,2026-02-15,0
211,33,2026-02-18,1
212,33,2026-02-18,1
213,33,2026-02-18,1
214,33,2026-02-18,1
215,33,2026-02-18,0
211,33,2026-02-21,1
212,33,2026-02-21,1
213,33,2026-02-21,1
214,33,2026-02-21,1
215,33,2026-02-21,1
211,33,2026-02-24,1
212,33,2026-02-24,1
213,33,2026-02-24,1
214,33,2026-02-24,1
215,33,2026-02-24,1
211,33,2026-02-27,1
212,33,2026-02-27,1
213,33,2026-02-27,0
214,33,2026-02-27,1
215,33,2026-02-27,1
211,33,2026-03-02,1
212,33,2026-03-02,1
213,33,2026-03-02,1
214,33,2026-03-02,1
215,33,2026-03-02,1
211,33,2026-03-05,1
212,33,2026-03-05,1
213,33,2026-03-05,1
214,33,2026-03-05,1
215,33,2026-03-05,1
211,33,2026-03-08,1
212,33,2026-03-08,1
213,33,2026-03-08,1
214,33,2026-03-08,1
215,33,2026-03-08,0
216,34,2026-02-22,1
217,34,2026-02-22,1
218,34,2026-02-22,1
219,34,2026-02-22,1
220,34,2026-02-22,1
216,34,2026-02-25,1
217,34,2026-02-25,1
218,34,2026-02-25,1
219,34,2026-02-25,1
220,34,2026-02-25,0
216,34,2026-02-28,1
217,34,2026-02-28,1
218,34,2026-02-28,1
219,34,2026-02-28,1
220,34,2026-02-28,1
216,34,2026-03-03,1
217,34,2026-03-03,1
218,34,2026-03-03,1
219,34,2026-03-03,1
220,34,2026-03-03,1
216,34,2026-03-06,1
217,34,2026-03-06,1
218,34,2026-03-06,0
219,34,2026-03-06,1
220,34,2026-03-06,1
216,34,2026-03-09,1
217,34,2026-03-09,1
218,34,2026-03-09,0
219,34,2026-03-09,0
220,34,2026-03-09,1
216,34,2026-03-12,1
217,34,2026-03-12,1
218,34,2026-03-12,1
219,34,2026-03-12,1
220,34,2026-03-12,1
216,34,2026-03-15,1
217,34,2026-03-15,1
218,34,2026-03-15,1
219,34,2026-03-15,0
220,34,2026-03-15,1
216,35,2026-02-22,1
217,35,2026-02-22,1
218,35,2026-02-22,1
219,35,2026-02-22,1
220,35,2026-02-22,0
216,35,2026-02-25,1
217,35,2026-02-25,1
218,35,2026-02-25,1
219,35,2026-02-25,1
220,35,2026-02-25,1
216,35,2026-02-28,0
217,35,2026-02-28,1
218,35,2026-02-28,1
219,35,2026-02-28,1
220,35,2026-02-28,0
216,35,2026-03-03,1
217,35,2026-03-03,1
218,35,2026-03-03,1
219,35,2026-03-03,1
220,35,2026-03-03,1
216,35,2026-03-06,1
217,35,2026-03-06,1
218,35,2026-03-06,1
219,35,2026-03-06,1
220,35,2026-03-06,1
216,35,2026-03-09,1
217,35,2026-03-09,1
218,35,2026-03-09,1
219,35,2026-03-09,1
220,35,2026-03-09,1
216,35,2026-03-12,1
217,35,2026-03-12,1
218,35,2026-03-12,1
219,35,2026-03-12,1
220,35,2026-03-12,1
216,35,2026-03-15,0
217,35,2026-03-15,1
218,35,2026-03-15,1
219,35,2026-03-15,1
220,35,2026-03-15,1
216,36,2026-02-22,0
217,36,2026-02-22,0
218,36,2026-02-22,1
219,36,2026-02-22,1
220,36,2026-02-22,1
216,36,2026-02-25,0
217,36,2026-02-25,1
218,36,2026-02-25,1
219,36,2026-02-25,1
220,36,2026-02-25,0
216,36,2026-02-28,1
217,36,2026-02-28,1
218,36,2026-02-28,1
219,36,2026-02-28,1
220,36,2026-02-28,0
216,36,2026-03-03,1
217,36,2026-03-03,1
218,36,2026-03-03,1
219,36,2026-03-03,1
220,36,2026-03-03,1
216,36,2026-03-06,1
217,36,2026-03-06,1
218,36,2026-03-06,1
219,36,2026-03-06,1
220,36,2026-03-06,0
216,36,2026-03-09,0
217,36,2026-03-09,0
218,36,2026-03-09,0
219,36,2026-03-09,1
220,36,2026-03-09,1
216,36,2026-03-12,0
217,36,2026-03-12,1
218,36,2026-03-12,1
219,36,2026-03-12,1
220,36,2026-03-12,0
216,36,2026-03-15,1
217,36,2026-03-15,1
218,36,2026-03-15,0
219,36,2026-03-15,1
220,36,2026-03-15,0
216,37,2026-02-22,1
217,37,2026-02-22,1
218,37,2026-02-22,1
219,37,2026-02-22,1
220,37,2026-02-22,1
216,37,2026-02-25,1
217,37,2026-02-25,0
218,37,2026-02-25,1
219,37,2026-02-25,1
220,37,2026-02-25,1
216,37,2026-02-28,1
217,37,2026-02-28,1
218,37,2026-02-28,1
219,37,2026-02-28,1
220,37,2026-02-28,1
216,37,2026-03-03,1
217,37,2026-03-03,1
218,37,2026-03-03,1
219,37,2026-03-03,1
220,37,2026-03-03,0
216,37,2026-03-06,1
217,37,2026-03-06,1
218,37,2026-03-06,0
219,37,2026-03-06,1
220,37,2026-03-06,1
216,37,2026-03-09,1
217,37,2026-03-09,1
218,37,2026-03-09,1
219,37,2026-03-09,1
220,37,2026-03-09,1
216,37,2026-03-12,0
217,37,2026-03-12,1
218,37,2026-03-12,1
219,37,2026-03-12,1
220,37,2026-03-12,0
216,37,2026-03-15,1
217,37,2026-03-15,1
218,37,2026-03-15,1
219,37,2026-03-15,1
220,37,2026-03-15,1
216,38,2026-02-22,1
217,38,2026-02-22,0
218,38,2026-02-22,1
219,38,2026-02-22,1
220,38,2026-02-22,1
216,38,2026-02-25,1
217,38,2026-02-25,0
218,38,2026-02-25,1
219,38,2026-02-25,1
220,38,2026-02-25,1
216,38,2026-02-28,1
217,38,2026-02-28,0
218,38,2026-02-28,0
219,38,2026-02-28,1
220,38,2026-02-28,0
216,38,2026-03-03,1
217,38,2026-03-03,1
218,38,2026-03-03,0
219,38,2026-03-03,0
220,38,2026-03-03,1
216,38,2026-03-06,0
217,38,2026-03-06,1
218,38,2026-03-06,1
219,38,2026-03-06,1
220,38,2026-03-06,1
216,38,2026-03-09,1
217,38,2026-03-09,1
218,38,2026-03-09,1
219,38,2026-03-09,1
220,38,2026-03-09,1
216,38,2026-03-12,1
217,38,2026-03-12,1
218,38,2026-03-12,0
219,38,2026-03-12,0
220,38,2026-03-12,0
216,38,2026-03-15,1
217,38,2026-03-15,1
218,38,2026-03-15,0
219,38,2026-03-15,1
220,38,2026-03-15,1
216,39,2026-02-22,1
217,39,2026-02-22,0
218,39,2026-02-22,1
219,39,2026-02-22,1
220,39,2026-02-22,1
216,39,2026-02-25,1
217,39,2026-02-25,1
218,39,2026-02-25,1
219,39,2026-02-25,1
220,39,2026-02-25,1
216,39,2026-02-28,1
217,39,2026-02-28,0
218,39,2026-02-28,0
219,39,2026-02-28,1
220,39,2026-02-28,0
216,39,2026-03-03,1
217,39,2026-03-03,1
218,39,2026-03-03,1
219,39,2026-03-03,0
220,39,2026-03-03,1
216,39,2026-03-06,1
217,39,2026-03-06,0
218,39,2026-03-06,1
219,39,2026-03-06,0
220,39,2026-03-06,1
216,39,2026-03-09,1
217,39,2026-03-09,1
218,39,2026-03-09,0
219,39,2026-03-09,1
220,39,2026-03-09,1
216,39,2026-03-12,1
217,39,2026-03-12,1
218,39,2026-03-12,1
219,39,2026-03-12,1
220,39,2026-03-12,0
216,39,2026-03-15,1
217,39,2026-03-15,0
218,39,2026-03-15,1
219,39,2026-03-15,1
220,39,2026-03-15,1
216,40,2026-02-22,1
217,40,2026-02-22,1
218,40,2026-02-22,1
219,40,2026-02-22,1
220,40,2026-02-22,1
216,40,2026-02-25,1
217,40,2026-02-25,1
218,40,2026-02-25,1
219,40,2026-02-25,1
220,40,2026-02-25,1
216,40,2026-02-28,1
217,40,2026-02-28,1
218,40,2026-02-28,1
219,40,2026-02-28,1
220,40,2026-02-28,1
216,40,2026-03-03,1
217,40,2026-03-03,1
218,40,2026-03-03,1
219,40,2026-03-03,0
220,40,2026-03-03,0
216,40,2026-03-06,1
217,40,2026-03-06,1
218,40,2026-03-06,1
219,40,2026-03-06,1
220,40,2026-03-06,0
216,40,2026-03-09,1
217,40,2026-03-09,1
218,40,2026-03-09,1
219,40,2026-03-09,0
220,40,2026-03-09,0
216,40,2026-03-12,1
217,40,2026-03-12,1
218,40,2026-03-12,0
219,40,2026-03-12,1
220,40,2026-03-12,0
216,40,2026-03-15,1
217,40,2026-03-15,1
218,40,2026-03-15,1
219,40,2026-03-15,0
220,40,2026-03-15,0
216,41,2026-02-22,1
217,41,2026-02-22,1
218,41,2026-02-22,1
219,41,2026-02-22,1
220,41,2026-02-22,1
216,41,2026-02-25,1
217,41,2026-02-25,0
218,41,2026-02-25,1
219,41,2026-02-25,0
220,41,2026-02-25,1
216,41,2026-02-28,1
217,41,2026-02-28,1
218,41,2026-02-28,1
219,41,2026-02-28,1
220,41,2026-02-28,1
216,41,2026-03-03,1
217,41,2026-03-03,1
218,41,2026-03-03,0
219,41,2026-03-03,1
220,41,2026-03-03,1
216,41,2026-03-06,1
217,41,2026-03-06,1
218,41,2026-03-06,0
219,41,2026-03-06,1
220,41,2026-03-06,0
216,41,2026-03-09,1
217,41,2026-03-09,1
218,41,2026-03-09,1
219,41,2026-03-09,1
220,41,2026-03-09,1
216,41,2026-03-12,1
217,41,2026-03-12,1
218,41,2026-03-12,1
219,41,2026-03-12,1
220,41,2026-03-12,1
216,41,2026-03-15,1
217,41,2026-03-15,1
218,41,2026-03-15,1
219,41,2026-03-15,1
220,41,2026-03-15,1
216,42,2026-02-22,1
217,42,2026-02-22,1
218,42,2026-02-22,1
219,42,2026-02-22,1
220,42,2026-02-22,0
216,42,2026-02-25,1
217,42,2026-02-25,1
218,42,2026-02-25,1
219,42,2026-02-25,0
220,42,2026-02-25,0
216,42,2026-02-28,1
217,42,2026-02-28,1
218,42,2026-02-28,0
219,42,2026-02-28,1
220,42,2026-02-28,1
216,42,2026-03-03,1
217,42,2026-03-03,1
218,42,2026-03-03,0
219,42,2026-03-03,1
220,42,2026-03-03,1
216,42,2026-03-06,1
217,42,2026-03-06,1
218,42,2026-03-06,0
219,42,2026-03-06,1
220,42,2026-03-06,1
216,42,2026-03-09,1
217,42,2026-03-09,1
218,42,2026-03-09,1
219,42,2026-03-09,0
220,42,2026-03-09,1
216,42,2026-03-12,1
217,42,2026-03-12,1
218,42,2026-03-12,1
219,42,2026-03-12,1
220,42,2026-03-12,0
216,42,2026-03-15,1
217,42,2026-03-15,1
218,42,2026-03-15,1
219,42,2026-03-15,1
220,42,2026-03-15,0
216,43,2026-02-22,1
217,43,2026-02-22,1
218,43,2026-02-22,0
219,43,2026-02-22,1
220,43,2026-02-22,0
216,43,2026-02-25,1
217,43,2026-02-25,1
218,43,2026-02-25,1
219,43,2026-02-25,1
220,43,2026-02-25,1
216,43,2026-02-28,1
217,43,2026-02-28,1
218,43,2026-02-28,1
219,43,2026-02-28,1
220,43,2026-02-28,1
216,43,2026-03-03,1
217,43,2026-03-03,0
218,43,2026-03-03,1
219,43,2026-03-03,1
220,43,2026-03-03,1
216,43,2026-03-06,1
217,43,2026-03-06,1
218,43,2026-03-06,1
219,43,2026-03-06,1
220,43,2026-03-06,1
216,43,2026-03-09,0
217,43,2026-03-09,1
218,43,2026-03-09,1
219,43,2026-03-09,1
220,43,2026-03-09,1
216,43,2026-03-12,1
217,43,2026-03-12,0
218,43,2026-03-12,1
219,43,2026-03-12,1
220,43,2026-03-12,1
216,43,2026-03-15,0
217,43,2026-03-15,0
218,43,2026-03-15,1
219,43,2026-03-15,1
220,43,2026-03-15,1
221,44,2026-03-01,1
222,44,2026-03-01,1
223,44,2026-03-01,1
224,44,2026-03-01,1
225,44,2026-03-01,1
221,44,2026-03-04,1
222,44,2026-03-04,1
223,44,2026-03-04,0
224,44,2026-03-04,1
225,44,2026-03-04,1
221,44,2026-03-07,0
222,44,2026-03-07,1
223,44,2026-03-07,1
224,44,2026-03-07,0
225,44,2026-03-07,1
221,44,2026-03-10,0
222,44,2026-03-10,1
223,44,2026-03-10,1
224,44,2026-03-10,1
225,44,2026-03-10,1
221,44,2026-03-13,1
222,44,2026-03-13,1
223,44,2026-03-13,1
224,44,2026-03-13,1
225,44,2026-03-13,1
221,44,2026-03-16,0
222,44,2026-03-16,1
223,44,2026-03-16,0
224,44,2026-03-16,1
225,44,2026-03-16,1
221,44,2026-03-19,1
222,44,2026-03-19,1
223,44,2026-03-19,1
224,44,2026-03-19,1
225,44,2026-03-19,1
221,44,2026-03-22,1
222,44,2026-03-22,0
223,44,2026-03-22,1
224,44,2026-03-22,1
225,44,2026-03-22,1
221,45,2026-03-01,1
222,45,2026-03-01,1
223,45,2026-03-01,1
224,45,2026-03-01,1
225,45,2026-03-01,0
221,45,2026-03-04,1
222,45,2026-03-04,1
223,45,2026-03-04,1
224,45,2026-03-04,0
225,45,2026-03-04,1
221,45,2026-03-07,1
222,45,2026-03-07,1
223,45,2026-03-07,1
224,45,2026-03-07,1
225,45,2026-03-07,1
221,45,2026-03-10,1
222,45,2026-03-10,1
223,45,2026-03-10,1
224,45,2026-03-10,0
225,45,2026-03-10,0
221,45,2026-03-13,0
222,45,2026-03-13,1
223,45,2026-03-13,0
224,45,2026-03-13,1
225,45,2026-03-13,1
221,45,2026-03-16,1
222,45,2026-03-16,0
223,45,2026-03-16,1
224,45,2026-03-16,1
225,45,2026-03-16,1
221,45,2026-03-19,0
222,45,2026-03-19,1
223,45,2026-03-19,1
224,45,2026-03-19,1
225,45,2026-03-19,1
221,45,2026-03-22,1
222,45,2026-03-22,1
223,45,2026-03-22,1
224,45,2026-03-22,0
225,45,2026-03-22,1
221,46,2026-03-01,1
222,46,2026-03-01,1
223,46,2026-03-01,0
224,46,2026-03-01,1
225,46,2026-03-01,1
221,46,2026-03-04,0
222,46,2026-03-04,0
223,46,2026-03-04,1
224,46,2026-03-04,1
225,46,2026-03-04,1
221,46,2026-03-07,1
222,46,2026-03-07,1
223,46,2026-03-07,1
224,46,2026-03-07,0
225,46,2026-03-07,1
221,46,2026-03-10,1
222,46,2026-03-10,1
223,46,2026-03-10,1
224,46,2026-03-10,1
225,46,2026-03-10,1
221,46,2026-03-13,1
222,46,2026-03-13,1
223,46,2026-03-13,1
224,46,2026-03-13,1
225,46,2026-03-13,1
221,46,2026-03-16,1
222,46,2026-03-16,1
223,46,2026-03-16,1
224,46,2026-03-16,1
225,46,2026-03-16,1
221,46,2026-03-19,1
222,46,2026-03-19,1
223,46,2026-03-19,1
224,46,2026-03-19,1
225,46,2026-03-19,1
221,46,2026-03-22,1
222,46,2026-03-22,1
223,46,2026-03-22,1
224,46,2026-03-22,1
225,46,2026-03-22,0
221,47,2026-03-01,1
222,47,2026-03-01,1
223,47,2026-03-01,1
224,47,2026-03-01,1
225,47,2026-03-01,1
221,47,2026-03-04,1
222,47,2026-03-04,1
223,47,2026-03-04,1
224,47,2026-03-04,1
225,47,2026-03-04,1
221,47,2026-03-07,1
222,47,2026-03-07,0
223,47,2026-03-07,1
224,47,2026-03-07,1
225,47,2026-03-07,1
221,47,2026-03-10,0
222,47,2026-03-10,1
223,47,2026-03-10,1
224,47,2026-03-10,0
225,47,2026-03-10,1
221,47,2026-03-13,1
222,47,2026-03-13,1
223,47,2026-03-13,1
224,47,2026-03-13,1
225,47,2026-03-13,1
221,47,2026-03-16,1
222,47,2026-03-16,1
223,47,2026-03-16,1
224,47,2026-03-16,1
225,47,2026-03-16,0
221,47,2026-03-19,1
222,47,2026-03-19,0
223,47,2026-03-19,1
224,47,2026-03-19,1
225,47,2026-03-19,1
221,47,2026-03-22,1
222,47,2026-03-22,1
223,47,2026-03-22,1
224,47,2026-03-22,1
225,47,2026-03-22,1
221,48,2026-03-01,1
222,48,2026-03-01,0
223,48,2026-03-01,1
224,48,2026-03-01,1
225,48,2026-03-01,1
221,48,2026-03-04,1
222,48,2026-03-04,1
223,48,2026-03-04,1
224,48,2026-03-04,1
225,48,2026-03-04,1
221,48,2026-03-07,1
222,48,2026-03-07,1
223,48,2026-03-07,1
224,48,2026-03-07,1
225,48,2026-03-07,1
221,48,2026-03-10,0
222,48,2026-03-10,1
223,48,2026-03-10,1
224,48,2026-03-10,1
225,48,2026-03-10,1
221,48,2026-03-13,1
222,48,2026-03-13,1
223,48,2026-03-13,1
224,48,2026-03-13,1
225,48,2026-03-13,1
221,48,2026-03-16,1
222,48,2026-03-16,1
223,48,2026-03-16,1
224,48,2026-03-16,1
225,48,2026-03-16,1
221,48,2026-03-19,1
222,48,2026-03-19,1
223,48,2026-03-19,1
224,48,2026-03-19,1
225,48,2026-03-19,1
221,48,2026-03-22,1
222,48,2026-03-22,1
223,48,2026-03-22,0
224,48,2026-03-22,1
225,48,2026-03-22,1
221,49,2026-03-01,1
222,49,2026-03-01,1
223,49,2026-03-01,1
224,49,2026-03-01,1
225,49,2026-03-01,1
221,49,2026-03-04,1
222,49,2026-03-04,1
223,49,2026-03-04,1
224,49,2026-03-04,1
225,49,2026-03-04,0
221,49,2026-03-07,1
222,49,2026-03-07,0
223,49,2026-03-07,1
224,49,2026-03-07,1
225,49,2026-03-07,0
221,49,2026-03-10,1
222,49,2026-03-10,1
223,49,2026-03-10,1
224,49,2026-03-10,0
225,49,2026-03-10,1
221,49,2026-03-13,1
222,49,2026-03-13,1
223,49,2026-03-13,1
224,49,2026-03-13,1
225,49,2026-03-13,1
221,49,2026-03-16,1
222,49,2026-03-16,1
223,49,2026-03-16,1
224,49,2026-03-16,1
225,49,2026-03-16,1
221,49,2026-03-19,1
222,49,2026-03-19,1
223,49,2026-03-19,1
224,49,2026-03-19,1
225,49,2026-03-19,1
221,49,2026-03-22,1
222,49,2026-03-22,1
223,49,2026-03-22,1
224,49,2026-03-22,1
225,49,2026-03-22,1
221,50,2026-03-01,1
222,50,2026-03-01,1
223,50,2026-03-01,1
224,50,2026-03-01,1
225,50,2026-03-01,0
221,50,2026-03-04,1
222,50,2026-03-04,1
223,50,2026-03-04,1
224,50,2026-03-04,1
225,50,2026-03-04,1
221,50,2026-03-07,1
222,50,2026-03-07,1
223,50,2026-03-07,1
224,50,2026-03-07,1
225,50,2026-03-07,1
221,50,2026-03-10,1
222,50,2026-03-10,0
223,50,2026-03-10,0
224,50,2026-03-10,1
225,50,2026-03-10,1
221,50,2026-03-13,1
222,50,2026-03-13,0
223,50,2026-03-13,1
224,50,2026-03-13,1
225,50,2026-03-13,1
221,50,2026-03-16,1
222,50,2026-03-16,1
223,50,2026-03-16,1
224,50,2026-03-16,1
225,50,2026-03-16,1
221,50,2026-03-19,1
222,50,2026-03-19,1
223,50,2026-03-19,1
224,50,2026-03-19,1
225,50,2026-03-19,1
221,50,2026-03-22,1
222,50,2026-03-22,1
223,50,2026-03-22,0
224,50,2026-03-22,1
225,50,2026-03-22,1
221,51,2026-03-01,1
222,51,2026-03-01,1
223,51,2026-03-01,0
224,51,2026-03-01,1
225,51,2026-03-01,0
221,51,2026-03-04,1
222,51,2026-03-04,1
223,51,2026-03-04,1
224,51,2026-03-04,1
225,51,2026-03-04,0
221,51,2026-03-07,1
222,51,2026-03-07,0
223,51,2026-03-07,1
224,51,2026-03-07,1
225,51,2026-03-07,1
221,51,2026-03-10,1
222,51,2026-03-10,1
223,51,2026-03-10,1
224,51,2026-03-10,0
225,51,2026-03-10,1
221,51,2026-03-13,1
222,51,2026-03-13,1
223,51,2026-03-13,1
224,51,2026-03-13,1
225,51,2026-03-13,1
221,51,2026-03-16,0
222,51,2026-03-16,1
223,51,2026-03-16,1
224,51,2026-03-16,1
225,51,2026-03-16,1
221,51,2026-03-19,1
222,51,2026-03-19,1
223,51,2026-03-19,1
224,51,2026-03-19,1
225,51,2026-03-19,1
221,51,2026-03-22,1
222,51,2026-03-22,1
223,51,2026-03-22,1
224,51,2026-03-22,1
225,51,2026-03-22,1
221,52,2026-03-01,1
222,52,2026-03-01,1
223,52,2026-03-01,1
224,52,2026-03-01,1
225,52,2026-03-01,1
221,52,2026-03-04,1
222,52,2026-03-04,1
223,52,2026-03-04,1
224,52,2026-03-04,1
225,52,2026-03-04,1
221,52,2026-03-07,1
222,52,2026-03-07,1
223,52,2026-03-07,1
224,52,2026-03-07,1
225,52,2026-03-07,1
221,52,2026-03-10,1
222,52,2026-03-10,1
223,52,2026-03-10,0
224,52,2026-03-10,0
225,52,2026-03-10,1
221,52,2026-03-13,1
222,52,2026-03-13,1
223,52,2026-03-13,1
224,52,2026-03-13,0
225,52,2026-03-13,0
221,52,2026-03-16,0
222,52,2026-03-16,1
223,52,2026-03-16,1
224,52,2026-03-16,1
225,52,2026-03-16,1
221,52,2026-03-19,1
222,52,2026-03-19,1
223,52,2026-03-19,1
224,52,2026-03-19,1
225,52,2026-03-19,1
221,52,2026-03-22,1
222,52,2026-03-22,0
223,52,2026-03-22,1
224,52,2026-03-22,1
225,52,2026-03-22,1
221,53,2026-03-01,1
222,53,2026-03-01,1
223,53,2026-03-01,1
224,53,2026-03-01,1
225,53,2026-03-01,1
221,53,2026-03-04,1
222,53,2026-03-04,1
223,53,2026-03-04,1
224,53,2026-03-04,0
225,53,2026-03-04,1
221,53,2026-03-07,1
222,53,2026-03-07,0
223,53,2026-03-07,1
224,53,2026-03-07,1
225,53,2026-03-07,1
221,53,2026-03-10,1
222,53,2026-03-10,0
223,53,2026-03-10,1
224,53,2026-03-10,0
225,53,2026-03-10,1
221,53,2026-03-13,1
222,53,2026-03-13,0
223,53,2026-03-13,1
224,53,2026-03-13,1
225,53,2026-03-13,0
221,53,2026-03-16,1
222,53,2026-03-16,0
223,53,2026-03-16,1
224,53,2026-03-16,0
225,53,2026-03-16,1
221,53,2026-03-19,0
222,53,2026-03-19,1
223,53,2026-03-19,1
224,53,2026-03-19,1
225,53,2026-03-19,0
221,53,2026-03-22,1
222,53,2026-03-22,1
223,53,2026-03-22,1
224,53,2026-03-22,1
225,53,2026-03-22,1
221,54,2026-03-01,1
222,54,2026-03-01,1
223,54,2026-03-01,1
224,54,2026-03-01,0
225,54,2026-03-01,1
221,54,2026-03-04,0
222,54,2026-03-04,1
223,54,2026-03-04,1
224,54,2026-03-04,1
225,54,2026-03-04,0
221,54,2026-03-07,1
222,54,2026-03-07,1
223,54,2026-03-07,1
224,54,2026-03-07,0
225,54,2026-03-07,1
221,54,2026-03-10,1
222,54,2026-03-10,1
223,54,2026-03-10,1
224,54,2026-03-10,1
225,54,2026-03-10,1
221,54,2026-03-13,1
222,54,2026-03-13,1
223,54,2026-03-13,1
224,54,2026-03-13,1
225,54,2026-03-13,1
221,54,2026-03-16,1
222,54,2026-03-16,1
223,54,2026-03-16,1
224,54,2026-03-16,1
225,54,2026-03-16,1
221,54,2026-03-19,1
222,54,2026-03-19,1
223,54,2026-03-19,1
224,54,2026-03-19,1
225,54,2026-03-19,1
221,54,2026-03-22,1
222,54,2026-03-22,0
223,54,2026-03-22,1
224,54,2026-03-22,1
225,54,2026-03-22,1
221,55,2026-03-01,1
222,55,2026-03-01,1
223,55,2026-03-01,1
224,55,2026-03-01,1
225,55,2026-03-01,1
221,55,2026-03-04,1
222,55,2026-03-04,1
223,55,2026-03-04,1
224,55,2026-03-04,1
225,55,2026-03-04,1
221,55,2026-03-07,0
222,55,2026-03-07,0
223,55,2026-03-07,1
224,55,2026-03-07,0
225,55,2026-03-07,1
221,55,2026-03-10,1
222,55,2026-03-10,0
223,55,2026-03-10,1
224,55,2026-03-10,1
225,55,2026-03-10,1
221,55,2026-03-13,1
222,55,2026-03-13,1
223,55,2026-03-13,1
224,55,2026-03-13,1
225,55,2026-03-13,1
221,55,2026-03-16,1
222,55,2026-03-16,1
223,55,2026-03-16,1
224,55,2026-03-16,1
225,55,2026-03-16,0
221,55,2026-03-19,1
222,55,2026-03-19,1
223,55,2026-03-19,0
224,55,2026-03-19,1
225,55,2026-03-19,1
221,55,2026-03-22,1
222,55,2026-03-22,1
223,55,2026-03-22,1
224,55,2026-03-22,1
225,55,2026-03-22,1
221,56,2026-03-01,1
222,56,2026-03-01,1
223,56,2026-03-01,1
224,56,2026-03-01,1
225,56,2026-03-01,0
221,56,2026-03-04,0
222,56,2026-03-04,1
223,56,2026-03-04,1
224,56,2026-03-04,1
225,56,2026-03-04,1
221,56,2026-03-07,1
222,56,2026-03-07,1
223,56,2026-03-07,1
224,56,2026-03-07,1
225,56,2026-03-07,1
221,56,2026-03-10,1
222,56,2026-03-10,1
223,56,2026-03-10,1
224,56,2026-03-10,1
225,56,2026-03-10,1
221,56,2026-03-13,1
222,56,2026-03-13,1
223,56,2026-03-13,0
224,56,2026-03-13,1
225,56,2026-03-13,1
221,56,2026-03-16,0
222,56,2026-03-16,1
223,56,2026-03-16,1
224,56,2026-03-16,1
225,56,2026-03-16,1
221,56,2026-03-19,1
222,56,2026-03-19,1
223,56,2026-03-19,1
224,56,2026-03-19,0
225,56,2026-03-19,0
221,56,2026-03-22,1
222,56,2026-03-22,1
223,56,2026-03-22,0
224,56,2026-03-22,0
225,56,2026-03-22,1
221,57,2026-03-01,1
222,57,2026-03-01,0
223,57,2026-03-01,1
224,57,2026-03-01,1
225,57,2026-03-01,0
221,57,2026-03-04,1
222,57,2026-03-04,1
223,57,2026-03-04,1
224,57,2026-03-04,1
225,57,2026-03-04,1
221,57,2026-03-07,1
222,57,2026-03-07,1
223,57,2026-03-07,1
224,57,2026-03-07,1
225,57,2026-03-07,0
221,57,2026-03-10,1
222,57,2026-03-10,1
223,57,2026-03-10,0
224,57,2026-03-10,0
225,57,2026-03-10,1
221,57,2026-03-13,1
222,57,2026-03-13,1
223,57,2026-03-13,1
224,57,2026-03-13,1
225,57,2026-03-13,0
221,57,2026-03-16,0
222,57,2026-03-16,1
223,57,2026-03-16,1
224,57,2026-03-16,1
225,57,2026-03-16,0
221,57,2026-03-19,1
222,57,2026-03-19,0
223,57,2026-03-19,1
224,57,2026-03-19,1
225,57,2026-03-19,0
221,57,2026-03-22,1
222,57,2026-03-22,1
223,57,2026-03-22,1
224,57,2026-03-22,1
225,57,2026-03-22,1
221,58,2026-03-01,1
222,58,2026-03-01,1
223,58,2026-03-01,1
224,58,2026-03-01,1
225,58,2026-03-01,0
221,58,2026-03-04,1
222,58,2026-03-04,1
223,58,2026-03-04,1
224,58,2026-03-04,1
225,58,2026-03-04,1
221,58,2026-03-07,1
222,58,2026-03-07,1
223,58,2026-03-07,1
224,58,2026-03-07,1
225,58,2026-03-07,1
221,58,2026-03-10,1
222,58,2026-03-10,1
223,58,2026-03-10,1
224,58,2026-03-10,0
225,58,2026-03-10,1
221,58,2026-03-13,1
222,58,2026-03-13,1
223,58,2026-03-13,0
224,58,2026-03-13,1
225,58,2026-03-13,1
221,58,2026-03-16,1
222,58,2026-03-16,1
223,58,2026-03-16,1
224,58,2026-03-16,1
225,58,2026-03-16,1
221,58,2026-03-19,1
222,58,2026-03-19,1
223,58,2026-03-19,1
224,58,2026-03-19,1
225,58,2026-03-19,1
221,58,2026-03-22,1
222,58,2026-03-22,1
223,58,2026-03-22,1
224,58,2026-03-22,1
225,58,2026-03-22,1
221,59,2026-03-01,1
222,59,2026-03-01,1
223,59,2026-03-01,1
224,59,2026-03-01,1
225,59,2026-03-01,0
221,59,2026-03-04,1
222,59,2026-03-04,1
223,59,2026-03-04,1
224,59,2026-03-04,1
225,59,2026-03-04,1
221,59,2026-03-07,1
222,59,2026-03-07,1
223,59,2026-03-07,1
224,59,2026-03-07,1
225,59,2026-03-07,1
221,59,2026-03-10,0
222,59,2026-03-10,1
223,59,2026-03-10,1
224,59,2026-03-10,1
225,59,2026-03-10,1
221,59,2026-03-13,1
222,59,2026-03-13,0
223,59,2026-03-13,1
224,59,2026-03-13,1
225,59,2026-03-13,1
221,59,2026-03-16,1
222,59,2026-03-16,1
223,59,2026-03-16,1
224,59,2026-03-16,1
225,59,2026-03-16,1
221,59,2026-03-19,1
222,59,2026-03-19,0
223,59,2026-03-19,1
224,59,2026-03-19,1
225,59,2026-03-19,1
221,59,2026-03-22,1
222,59,2026-03-22,1
223,59,2026-03-22,1
224,59,2026-03-22,1
225,59,2026-03-22,1
221,60,2026-03-01,1
222,60,2026-03-01,1
223,60,2026-03-01,1
224,60,2026-03-01,1
225,60,2026-03-01,1
221,60,2026-03-04,1
222,60,2026-03-04,1
223,60,2026-03-04,1
224,60,2026-03-04,1
225,60,2026-03-04,1
221,60,2026-03-07,1
222,60,2026-03-07,1
223,60,2026-03-07,1
224,60,2026-03-07,1
225,60,2026-03-07,0
221,60,2026-03-10,1
222,60,2026-03-10,1
223,60,2026-03-10,1
224,60,2026-03-10,1
225,60,2026-03-10,1
221,60,2026-03-13,0
222,60,2026-03-13,1
223,60,2026-03-13,1
224,60,2026-03-13,1
225,60,2026-03-13,1
221,60,2026-03-16,1
222,60,2026-03-16,1
223,60,2026-03-16,1
224,60,2026-03-16,1
225,60,2026-03-16,0
221,60,2026-03-19,1
222,60,2026-03-19,0
223,60,2026-03-19,1
224,60,2026-03-19,1
225,60,2026-03-19,1
221,60,2026-03-22,1
222,60,2026-03-22,1
223,60,2026-03-22,0
224,60,2026-03-22,1
225,60,2026-03-22,1
221,61,2026-03-01,1
222,61,2026-03-01,1
223,61,2026-03-01,1
224,61,2026-03-01,1
225,61,2026-03-01,0
221,61,2026-03-04,1
222,61,2026-03-04,0
223,61,2026-03-04,1
224,61,2026-03-04,0
225,61,2026-03-04,1
221,61,2026-03-07,1
222,61,2026-03-07,1
223,61,2026-03-07,1
224,61,2026-03-07,1
225,61,2026-03-07,1
221,61,2026-03-10,1
222,61,2026-03-10,1
223,61,2026-03-10,1
224,61,2026-03-10,1
225,61,2026-03-10,1
221,61,2026-03-13,1
222,61,2026-03-13,1
223,61,2026-03-13,0
224,61,2026-03-13,1
225,61,2026-03-13,1
221,61,2026-03-16,0
222,61,2026-03-16,1
223,61,2026-03-16,1
224,61,2026-03-16,1
225,61,2026-03-16,1
221,61,2026-03-19,1
222,61,2026-03-19,1
223,61,2026-03-19,1
224,61,2026-03-19,0
225,61,2026-03-19,0
221,61,2026-03-22,1
222,61,2026-03-22,1
223,61,2026-03-22,1
224,61,2026-03-22,1
225,61,2026-03-22,1
221,62,2026-03-01,1
222,62,2026-03-01,0
223,62,2026-03-01,0
224,62,2026-03-01,1
225,62,2026-03-01,1
221,62,2026-03-04,1
222,62,2026-03-04,1
223,62,2026-03-04,1
224,62,2026-03-04,1
225,62,2026-03-04,1
221,62,2026-03-07,1
222,62,2026-03-07,1
223,62,2026-03-07,1
224,62,2026-03-07,1
225,62,2026-03-07,1
221,62,2026-03-10,0
222,62,2026-03-10,1
223,62,2026-03-10,1
224,62,2026-03-10,1
225,62,2026-03-10,1
221,62,2026-03-13,1
222,62,2026-03-13,1
223,62,2026-03-13,1
224,62,2026-03-13,1
225,62,2026-03-13,0
221,62,2026-03-16,1
222,62,2026-03-16,1
223,62,2026-03-16,0
224,62,2026-03-16,1
225,62,2026-03-16,1
221,62,2026-03-19,1
222,62,2026-03-19,1
223,62,2026-03-19,1
224,62,2026-03-19,1
225,62,2026-03-19,1
221,62,2026-03-22,1
222,62,2026-03-22,1
223,62,2026-03-22,1
224,62,2026-03-22,1
225,62,2026-03-22,1
221,63,2026-03-01,0
222,63,2026-03-01,1
223,63,2026-03-01,1
224,63,2026-03-01,1
225,63,2026-03-01,1
221,63,2026-03-04,1
222,63,2026-03-04,1
223,63,2026-03-04,1
224,63,2026-03-04,1
225,63,2026-03-04,1
221,63,2026-03-07,1
222,63,2026-03-07,0
223,63,2026-03-07,1
224,63,2026-03-07,1
225,63,2026-03-07,0
221,63,2026-03-10,0
222,63,2026-03-10,1
223,63,2026-03-10,1
224,63,2026-03-10,1
225,63,2026-03-10,1
221,63,2026-03-13,1
222,63,2026-03-13,0
223,63,2026-03-13,0
224,63,2026-03-13,1
225,63,2026-03-13,1
221,63,2026-03-16,0
222,63,2026-03-16,1
223,63,2026-03-16,1
224,63,2026-03-16,1
225,63,2026-03-16,1
221,63,2026-03-19,1
222,63,2026-03-19,1
223,63,2026-03-19,1
224,63,2026-03-19,1
225,63,2026-03-19,1
221,63,2026-03-22,1
222,63,2026-03-22,1
223,63,2026-03-22,1
224,63,2026-03-22,1
225,63,2026-03-22,1
221,64,2026-03-01,1
222,64,2026-03-01,1
223,64,2026-03-01,1
224,64,2026-03-01,1
225,64,2026-03-01,1
221,64,2026-03-04,0
222,64,2026-03-04,0
223,64,2026-03-04,1
224,64,2026-03-04,1
225,64,2026-03-04,1
221,64,2026-03-07,1
222,64,2026-03-07,1
223,64,2026-03-07,1
224,64,2026-03-07,0
225,64,2026-03-07,1
221,64,2026-03-10,1
222,64,2026-03-10,1
223,64,2026-03-10,1
224,64,2026-03-10,1
225,64,2026-03-10,1
221,64,2026-03-13,1
222,64,2026-03-13,0
223,64,2026-03-13,1
224,64,2026-03-13,0
225,64,2026-03-13,1
221,64,2026-03-16,1
222,64,2026-03-16,1
223,64,2026-03-16,1
224,64,2026-03-16,1
225,64,2026-03-16,1
221,64,2026-03-19,1
222,64,2026-03-19,1
223,64,2026-03-19,0
224,64,2026-03-19,1
225,64,2026-03-19,1
221,64,2026-03-22,1
222,64,2026-03-22,1
223,64,2026-03-22,1
224,64,2026-03-22,1
225,64,2026-03-22,1
226,65,2026-03-08,1
227,65,2026-03-08,1
228,65,2026-03-08,1
229,65,2026-03-08,1
230,65,2026-03-08,1
226,65,2026-03-11,1
227,65,2026-03-11,1
228,65,2026-03-11,1
229,65,2026-03-11,1
230,65,2026-03-11,1
226,65,2026-03-14,0
227,65,2026-03-14,0
228,65,2026-03-14,1
229,65,2026-03-14,1
230,65,2026-03-14,0
226,65,2026-03-17,1
227,65,2026-03-17,1
228,65,2026-03-17,0
229,65,2026-03-17,1
230,65,2026-03-17,1
226,65,2026-03-20,0
227,65,2026-03-20,1
228,65,2026-03-20,1
229,65,2026-03-20,1
230,65,2026-03-20,1
226,65,2026-03-23,1
227,65,2026-03-23,1
228,65,2026-03-23,1
229,65,2026-03-23,0
230,65,2026-03-23,1
226,65,2026-03-26,1
227,65,2026-03-26,1
228,65,2026-03-26,1
229,65,2026-03-26,1
230,65,2026-03-26,0
226,65,2026-03-29,1
227,65,2026-03-29,1
228,65,2026-03-29,1
229,65,2026-03-29,1
230,65,2026-03-29,1
226,66,2026-03-08,0
227,66,2026-03-08,1
228,66,2026-03-08,1
229,66,2026-03-08,0
230,66,2026-03-08,1
226,66,2026-03-11,0
227,66,2026-03-11,1
228,66,2026-03-11,1
229,66,2026-03-11,0
230,66,2026-03-11,1
226,66,2026-03-14,1
227,66,2026-03-14,1
228,66,2026-03-14,0
229,66,2026-03-14,0
230,66,2026-03-14,1
226,66,2026-03-17,1
227,66,2026-03-17,1
228,66,2026-03-17,1
229,66,2026-03-17,1
230,66,2026-03-17,1
226,66,2026-03-20,1
227,66,2026-03-20,1
228,66,2026-03-20,1
229,66,2026-03-20,1
230,66,2026-03-20,1
226,66,2026-03-23,1
227,66,2026-03-23,1
228,66,2026-03-23,1
229,66,2026-03-23,1
230,66,2026-03-23,1
226,66,2026-03-26,1
227,66,2026-03-26,1
228,66,2026-03-26,0
229,66,2026-03-26,1
230,66,2026-03-26,1
226,66,2026-03-29,1
227,66,2026-03-29,1
228,66,2026-03-29,1
229,66,2026-03-29,1
230,66,2026-03-29,1
226,67,2026-03-08,1
227,67,2026-03-08,1
228,67,2026-03-08,1
229,67,2026-03-08,1
230,67,2026-03-08,1
226,67,2026-03-11,1
227,67,2026-03-11,1
228,67,2026-03-11,1
229,67,2026-03-11,1
230,67,2026-03-11,1
226,67,2026-03-14,1
227,67,2026-03-14,1
228,67,2026-03-14,1
229,67,2026-03-14,1
230,67,2026-03-14,0
226,67,2026-03-17,1
227,67,2026-03-17,1
228,67,2026-03-17,1
229,67,2026-03-17,1
230,67,2026-03-17,1
226,67,2026-03-20,1
227,67,2026-03-20,1
228,67,2026-03-20,0
229,67,2026-03-20,0
230,67,2026-03-20,1
226,67,2026-03-23,1
227,67,2026-03-23,1
228,67,2026-03-23,1
229,67,2026-03-23,1
230,67,2026-03-23,1
226,67,2026-03-26,0
227,67,2026-03-26,1
228,67,2026-03-26,1
229,67,2026-03-26,1
230,67,2026-03-26,1
226,67,2026-03-29,1
227,67,2026-03-29,0
228,67,2026-03-29,1
229,67,2026-03-29,1
230,67,2026-03-29,1
226,68,2026-03-08,1
227,68,2026-03-08,1
228,68,2026-03-08,1
229,68,2026-03-08,1
230,68,2026-03-08,1
226,68,2026-03-11,1
227,68,2026-03-11,1
228,68,2026-03-11,1
229,68,2026-03-11,1
230,68,2026-03-11,1
226,68,2026-03-14,1
227,68,2026-03-14,1
228,68,2026-03-14,1
229,68,2026-03-14,1
230,68,2026-03-14,1
226,68,2026-03-17,1
227,68,2026-03-17,1
228,68,2026-03-17,1
229,68,2026-03-17,1
230,68,2026-03-17,1
226,68,2026-03-20,1
227,68,2026-03-20,1
228,68,2026-03-20,1
229,68,2026-03-20,1
230,68,2026-03-20,1
226,68,2026-03-23,1
227,68,2026-03-23,1
228,68,2026-03-23,1
229,68,2026-03-23,1
230,68,2026-03-23,1
226,68,2026-03-26,1
227,68,2026-03-26,0
228,68,2026-03-26,0
229,68,2026-03-26,1
230,68,2026-03-26,1
226,68,2026-03-29,0
227,68,2026-03-29,1
228,68,2026-03-29,1
229,68,2026-03-29,1
230,68,2026-03-29,1
226,69,2026-03-08,1
227,69,2026-03-08,1
228,69,2026-03-08,1
229,69,2026-03-08,1
230,69,2026-03-08,1
226,69,2026-03-11,1
227,69,2026-03-11,1
228,69,2026-03-11,1
229,69,2026-03-11,1
230,69,2026-03-11,1
226,69,2026-03-14,1
227,69,2026-03-14,1
228,69,2026-03-14,1
229,69,2026-03-14,1
230,69,2026-03-14,1
226,69,2026-03-17,1
227,69,2026-03-17,1
228,69,2026-03-17,1
229,69,2026-03-17,1
230,69,2026-03-17,1
226,69,2026-03-20,1
227,69,2026-03-20,1
228,69,2026-03-20,1
229,69,2026-03-20,1
230,69,2026-03-20,1
226,69,2026-03-23,1
227,69,2026-03-23,1
228,69,2026-03-23,1
229,69,2026-03-23,0
230,69,2026-03-23,1
226,69,2026-03-26,1
227,69,2026-03-26,1
228,69,2026-03-26,1
229,69,2026-03-26,1
230,69,2026-03-26,1
226,69,2026-03-29,0
227,69,2026-03-29,1
228,69,2026-03-29,1
229,69,2026-03-29,1
230,69,2026-03-29,1
226,70,2026-03-08,1
227,70,2026-03-08,1
228,70,2026-03-08,1
229,70,2026-03-08,1
230,70,2026-03-08,1
226,70,2026-03-11,1
227,70,2026-03-11,1
228,70,2026-03-11,1
229,70,2026-03-11,1
230,70,2026-03-11,1
226,70,2026-03-14,1
227,70,2026-03-14,1
228,70,2026-03-14,1
229,70,2026-03-14,1
230,70,2026-03-14,1
226,70,2026-03-17,1
227,70,2026-03-17,0
228,70,2026-03-17,1
229,70,2026-03-17,1
230,70,2026-03-17,1
226,70,2026-03-20,0
227,70,2026-03-20,1
228,70,2026-03-20,1
229,70,2026-03-20,1
230,70,2026-03-20,1
226,70,2026-03-23,1
227,70,2026-03-23,1
228,70,2026-03-23,1
229,70,2026-03-23,1
230,70,2026-03-23,0
226,70,2026-03-26,1
227,70,2026-03-26,1
228,70,2026-03-26,1
229,70,2026-03-26,1
230,70,2026-03-26,1
226,70,2026-03-29,1
227,70,2026-03-29,0
228,70,2026-03-29,1
229,70,2026-03-29,0
230,70,2026-03-29,1
201,1,2026-03-08,0
202,1,2026-03-08,0
203,1,2026-03-08,0
204,1,2026-03-08,0
205,1,2026-03-08,0
202,1,2024-02-10,0
203,1,2024-02-10,0
204,1,2024-02-10,0
205,1,2024-02-10,0
240041101,8,2026-02-01,1
240041102,8,2026-02-01,1
240041103,8,2026-02-01,1
240041104,8,2026-02-01,1
240041105,8,2026-02-01,1
240041106,8,2026-02-01,1
240041107,8,2026-02-01,1
240041108,8,2026-02-01,0
240041109,8,2026-02-01,0
240041110,8,2026-02-01,0
240041111,8,2026-02-01,0
240041112,8,2026-02-01,0
240041113,8,2026-02-01,0
240041114,8,2026-02-01,0
240041115,8,2026-02-01,0
240041116,8,2026-02-01,0
240041117,8,2026-02-01,0
240041118,8,2026-02-01,0
240041119,8,2026-02-01,0
240041120,8,2026-02-01,0
240041121,8,2026-02-01,0
240041122,8,2026-02-01,0
240041123,8,2026-02-01,0
240041124,8,2026-02-01,0
240041125,8,2026-02-01,0
240041126,8,2026-02-01,0
240041127,8,2026-02-01,0
240041128,8,2026-02-01,0
240041129,8,2026-02-01,0
240041130,8,2026-02-01,0
240041131,8,2026-02-01,0
240041132,8,2026-02-01,0
240041133,8,2026-02-01,0
240041134,8,2026-02-01,0
240041135,8,2026-02-01,0
240041136,8,2026-02-01,0
240041137,8,2026-02-01,0
240041138,8,2026-02-01,0
240041139,8,2026-02-01,0
240041140,8,2026-02-01,0
240041141,8,2026-02-01,0
240041142,8,2026-02-01,0
240041143,8,2026-02-01,0
240041144,8,2026-02-01,0
240041145,8,2026-02-01,0
240041146,8,2026-02-01,0
240041147,8,2026-02-01,0
240041148,8,2026-02-01,0
240041149,8,2026-02-01,0
240041150,8,2026-02-01,0
240041151,8,2026-02-01,0
240041152,8,2026-02-01,0
240041153,8,2026-02-01,0
240041154,8,2026-02-01,0
240041155,8,2026-02-01,0
240041156,8,2026-02-01,0
240041157,8,2026-02-01,0
240041158,8,2026-02-01,0
240041159,8,2026-02-01,0
240041201,8,2026-02-01,0
240041202,8,2026-02-01,0
240041203,8,2026-02-01,0
240041204,8,2026-02-01,0
240041205,8,2026-02-01,0
240041206,8,2026-02-01,0
240041207,8,2026-02-01,0
240041208,8,2026-02-01,0
240041209,8,2026-02-01,0
240041210,8,2026-02-01,0
240041211,8,2026-02-01,0
240041212,8,2026-02-01,0
240041213,8,2026-02-01,0
240041214,8,2026-02-01,0
240041215,8,2026-02-01,0
240041216,8,2026-02-01,0
240041217,8,2026-02-01,0
240041218,8,2026-02-01,0
240041219,8,2026-02-01,0
240041220,8,2026-02-01,0
240041221,8,2026-02-01,0
240041222,8,2026-02-01,0
240041223,8,2026-02-01,0
240041224,8,2026-02-01,0
240041225,8,2026-02-01,0
240041226,8,2026-02-01,0
240041227,8,2026-02-01,0
240041228,8,2026-02-01,0
240041229,8,2026-02-01,0
240041230,8,2026-02-01,0
240041231,8,2026-02-01,0
240041232,8,2026-02-01,0
240041233,8,2026-02-01,0
240041234,8,2026-02-01,0
240041235,8,2026-02-01,0
240041236,8,2026-02-01,0
240041237,8,2026-02-01,0
240041238,8,2026-02-01,0
240041239,8,2026-02-01,0
240041240,8,2026-02-01,0
240041241,8,2026-02-01,0
240041242,8,2026-02-01,0
240041243,8,2026-02-01,0
240041244,8,2026-02-01,0
240041245,8,2026-02-01,0
240041246,8,2026-02-01,0
240041247,8,2026-02-01,0
240041248,8,2026-02-01,0
240041249,8,2026-02-01,0
240041250,8,2026-02-01,0
240041251,8,2026-02-01,0
240041252,8,2026-02-01,0
240041253,8,2026-02-01,0
240041254,8,2026-02-01,0
240041255,8,2026-02-01,0
240041256,8,2026-02-01,0
240041257,8,2026-02-01,0
240041258,8,2026-02-01,0
240041259,8,2026-02-01,0
240041260,8,2026-02-01,0
240041101,8,2026-02-04,0
240041102,8,2026-02-04,0
240041103,8,2026-02-04,0
240041104,8,2026-02-04,0
240041105,8,2026-02-04,0
240041106,8,2026-02-04,0
240041107,8,2026-02-04,0
240041108,8,2026-02-04,0
240041109,8,2026-02-04,0
240041110,8,2026-02-04,0
240041111,8,2026-02-04,0
240041112,8,2026-02-04,0
240041113,8,2026-02-04,0
240041114,8,2026-02-04,0
240041115,8,2026-02-04,0
240041116,8,2026-02-04,0
240041117,8,2026-02-04,0
240041118,8,2026-02-04,0
240041119,8,2026-02-04,0
240041120,8,2026-02-04,0
240041121,8,2026-02-04,0
240041122,8,2026-02-04,0
240041123,8,2026-02-04,0
240041124,8,2026-02-04,0
240041125,8,2026-02-04,0
240041126,8,2026-02-04,0
240041127,8,2026-02-04,0
240041128,8,2026-02-04,0
240041129,8,2026-02-04,0
240041130,8,2026-02-04,0
240041131,8,2026-02-04,0
240041132,8,2026-02-04,0
240041133,8,2026-02-04,0
240041134,8,2026-02-04,0
240041135,8,2026-02-04,0
240041136,8,2026-02-04,0
240041137,8,2026-02-04,0
240041138,8,2026-02-04,0
240041139,8,2026-02-04,0
240041140,8,2026-02-04,0
240041141,8,2026-02-04,0
240041142,8,2026-02-04,0
240041143,8,2026-02-04,0
240041144,8,2026-02-04,0
240041145,8,2026-02-04,0
240041146,8,2026-02-04,0
240041147,8,2026-02-04,0
240041148,8,2026-02-04,0
240041149,8,2026-02-04,0
240041150,8,2026-02-04,0
240041151,8,2026-02-04,0
240041152,8,2026-02-04,0
240041153,8,2026-02-04,0
240041154,8,2026-02-04,0
240041155,8,2026-02-04,0
240041156,8,2026-02-04,0
240041157,8,2026-02-04,0
240041158,8,2026-02-04,0
240041159,8,2026-02-04,0
240041201,8,2026-02-04,0
240041202,8,2026-02-04,0
240041203,8,2026-02-04,0
240041204,8,2026-02-04,0
240041205,8,2026-02-04,0
240041206,8,2026-02-04,0
240041207,8,2026-02-04,0
240041208,8,2026-02-04,0
240041209,8,2026-02-04,0
240041210,8,2026-02-04,0
240041211,8,2026-02-04,0
240041212,8,2026-02-04,0
240041213,8,2026-02-04,0
240041214,8,2026-02-04,0
240041215,8,2026-02-04,0
240041216,8,2026-02-04,0
240041217,8,2026-02-04,0
240041218,8,2026-02-04,0
240041219,8,2026-02-04,0
240041220,8,2026-02-04,0
240041221,8,2026-02-04,0
240041222,8,2026-02-04,0
240041223,8,2026-02-04,0
240041224,8,2026-02-04,0
240041225,8,2026-02-04,0
240041226,8,2026-02-04,0
240041227,8,2026-02-04,0
240041228,8,2026-02-04,0
240041229,8,2026-02-04,0
240041230,8,2026-02-04,0
240041231,8,2026-02-04,0
240041232,8,2026-02-04,0
240041233,8,2026-02-04,0
240041234,8,2026-02-04,0
240041235,8,2026-02-04,0
240041236,8,2026-02-04,0
240041237,8,2026-02-04,0
240041238,8,2026-02-04,0
240041239,8,2026-02-04,0
240041240,8,2026-02-04,0
240041241,8,2026-02-04,0
240041242,8,2026-02-04,0
240041243,8,2026-02-04,0
240041244,8,2026-02-04,0
240041245,8,2026-02-04,0
240041246,8,2026-02-04,0
240041247,8,2026-02-04,0
240041248,8,2026-02-04,0
240041249,8,2026-02-04,0
240041250,8,2026-02-04,0
240041251,8,2026-02-04,0
240041252,8,2026-02-04,0
240041253,8,2026-02-04,0
240041254,8,2026-02-04,0
240041255,8,2026-02-04,0
240041256,8,2026-02-04,0
240041257,8,2026-02-04,0
240041258,8,2026-02-04,0
240041259,8,2026-02-04,0
240041260,8,2026-02-04,0
240041101,8,2026-02-07,0
240041102,8,2026-02-07,0
240041103,8,2026-02-07,0
240041104,8,2026-02-07,0
240041105,8,2026-02-07,0
240041106,8,2026-02-07,0
240041107,8,2026-02-07,0
240041108,8,2026-02-07,0
240041109,8,2026-02-07,0
240041110,8,2026-02-07,0
240041111,8,2026-02-07,0
240041112,8,2026-02-07,0
240041113,8,2026-02-07,0
240041114,8,2026-02-07,0
240041115,8,2026-02-07,0
240041116,8,2026-02-07,0
240041117,8,2026-02-07,0
240041118,8,2026-02-07,0
240041119,8,2026-02-07,0
240041120,8,2026-02-07,0
240041121,8,2026-02-07,0
240041122,8,2026-02-07,0
240041123,8,2026-02-07,0
240041124,8,2026-02-07,0
240041125,8,2026-02-07,0
240041126,8,2026-02-07,0
240041127,8,2026-02-07,0
240041128,8,2026-02-07,0
240041129,8,2026-02-07,0
240041130,8,2026-02-07,0
240041131,8,2026-02-07,0
240041132,8,2026-02-07,0
240041133,8,2026-02-07,0
240041134,8,2026-02-07,0
240041135,8,2026-02-07,0
240041136,8,2026-02-07,0
240041137,8,2026-02-07,0
240041138,8,2026-02-07,0
240041139,8,2026-02-07,0
240041140,8,2026-02-07,0
240041141,8,2026-02-07,0
240041142,8,2026-02-07,0
240041143,8,2026-02-07,0
240041144,8,2026-02-07,0
240041145,8,2026-02-07,0
240041146,8,2026-02-07,0
240041147,8,2026-02-07,0
240041148,8,2026-02-07,0
240041149,8,2026-02-07,0
240041150,8,2026-02-07,0
240041151,8,2026-02-07,0
240041152,8,2026-02-07,0
240041153,8,2026-02-07,0
240041154,8,2026-02-07,0
240041155,8,2026-02-07,0
240041156,8,2026-02-07,0
240041157,8,2026-02-07,0
240041158,8,2026-02-07,0
240041159,8,2026-02-07,0
240041201,8,2026-02-07,0
240041202,8,2026-02-07,0
240041203,8,2026-02-07,0
240041204,8,2026-02-07,0
240041205,8,2026-02-07,0
240041206,8,2026-02-07,0
240041207,8,2026-02-07,0
240041208,8,2026-02-07,0
240041209,8,2026-02-07,0
240041210,8,2026-02-07,0
240041211,8,2026-02-07,0
240041212,8,2026-02-07,0
240041213,8,2026-02-07,0
240041214,8,2026-02-07,0
240041215,8,2026-02-07,0
240041216,8,2026-02-07,0
240041217,8,2026-02-07,0
240041218,8,2026-02-07,0
240041219,8,2026-02-07,0
240041220,8,2026-02-07,0
240041221,8,2026-02-07,0
240041222,8,2026-02-07,0
240041223,8,2026-02-07,0
240041224,8,2026-02-07,0
240041225,8,2026-02-07,0
240041226,8,2026-02-07,0
240041227,8,2026-02-07,0
240041228,8,2026-02-07,0
240041229,8,2026-02-07,0
240041230,8,2026-02-07,0
240041231,8,2026-02-07,0
240041232,8,2026-02-07,0
240041233,8,2026-02-07,0
240041234,8,2026-02-07,0
240041235,8,2026-02-07,0
240041236,8,2026-02-07,0
240041237,8,2026-02-07,0
240041238,8,2026-02-07,0
240041239,8,2026-02-07,0
240041240,8,2026-02-07,0
240041241,8,2026-02-07,0
240041242,8,2026-02-07,0
240041243,8,2026-02-07,0
240041244,8,2026-02-07,0
240041245,8,2026-02-07,0
240041246,8,2026-02-07,0
240041247,8,2026-02-07,0
240041248,8,2026-02-07,0
240041249,8,2026-02-07,0
240041250,8,2026-02-07,0
240041251,8,2026-02-07,0
240041252,8,2026-02-07,0
240041253,8,2026-02-07,0
240041254,8,2026-02-07,0
240041255,8,2026-02-07,0
240041256,8,2026-02-07,0
240041257,8,2026-02-07,0
240041258,8,2026-02-07,0
240041259,8,2026-02-07,0
240041260,8,2026-02-07,0
240041101,8,2026-02-10,0
240041102,8,2026-02-10,0
240041103,8,2026-02-10,0
240041104,8,2026-02-10,0
240041105,8,2026-02-10,0
240041106,8,2026-02-10,0
240041107,8,2026-02-10,0
240041108,8,2026-02-10,0
240041109,8,2026-02-10,0
240041110,8,2026-02-10,0
240041111,8,2026-02-10,0
240041112,8,2026-02-10,0
240041113,8,2026-02-10,0
240041114,8,2026-02-10,0
240041115,8,2026-02-10,0
240041116,8,2026-02-10,0
240041117,8,2026-02-10,0
240041118,8,2026-02-10,0
240041119,8,2026-02-10,0
240041120,8,2026-02-10,0
240041121,8,2026-02-10,0
240041122,8,2026-02-10,0
240041123,8,2026-02-10,0
240041124,8,2026-02-10,0
240041125,8,2026-02-10,0
240041126,8,2026-02-10,0
240041127,8,2026-02-10,0
240041128,8,2026-02-10,0
240041129,8,2026-02-10,0
240041130,8,2026-02-10,0
240041131,8,2026-02-10,0
240041132,8,2026-02-10,0
240041133,8,2026-02-10,0
240041134,8,2026-02-10,0
240041135,8,2026-02-10,0
240041136,8,2026-02-10,0
240041137,8,2026-02-10,0
240041138,8,2026-02-10,0
240041139,8,2026-02-10,0
240041140,8,2026-02-10,0
240041141,8,2026-02-10,0
240041142,8,2026-02-10,0
240041143,8,2026-02-10,0
240041144,8,2026-02-10,0
240041145,8,2026-02-10,0
240041146,8,2026-02-10,0
240041147,8,2026-02-10,0
240041148,8,2026-02-10,0
240041149,8,2026-02-10,0
240041150,8,2026-02-10,0
240041151,8,2026-02-10,0
240041152,8,2026-02-10,0
240041153,8,2026-02-10,0
240041154,8,2026-02-10,0
240041155,8,2026-02-10,0
240041156,8,2026-02-10,0
240041157,8,2026-02-10,0
240041158,8,2026-02-10,0
240041159,8,2026-02-10,0
240041201,8,2026-02-10,0
240041202,8,2026-02-10,0
240041203,8,2026-02-10,0
240041204,8,2026-02-10,0
240041205,8,2026-02-10,0
240041206,8,2026-02-10,0
240041207,8,2026-02-10,0
240041208,8,2026-02-10,0
240041209,8,2026-02-10,0
240041210,8,2026-02-10,0
240041211,8,2026-02-10,0
240041212,8,2026-02-10,0
240041213,8,2026-02-10,0
240041214,8,2026-02-10,0
240041215,8,2026-02-10,0
240041216,8,2026-02-10,0
240041217,8,2026-02-10,0
240041218,8,2026-02-10,0
240041219,8,2026-02-10,0
240041220,8,2026-02-10,0
240041221,8,2026-02-10,0
240041222,8,2026-02-10,0
240041223,8,2026-02-10,0
240041224,8,2026-02-10,0
240041225,8,2026-02-10,0
240041226,8,2026-02-10,0
240041227,8,2026-02-10,0
240041228,8,2026-02-10,0
240041229,8,2026-02-10,0
240041230,8,2026-02-10,0
240041231,8,2026-02-10,0
240041232,8,2026-02-10,0
240041233,8,2026-02-10,0
240041234,8,2026-02-10,0
240041235,8,2026-02-10,0
240041236,8,2026-02-10,0
240041237,8,2026-02-10,0
240041238,8,2026-02-10,0
240041239,8,2026-02-10,0
240041240,8,2026-02-10,0
240041241,8,2026-02-10,0
240041242,8,2026-02-10,0
240041243,8,2026-02-10,0
240041244,8,2026-02-10,0
240041245,8,2026-02-10,0
240041246,8,2026-02-10,0
240041247,8,2026-02-10,0
240041248,8,2026-02-10,0
240041249,8,2026-02-10,0
240041250,8,2026-02-10,0
240041251,8,2026-02-10,0
240041252,8,2026-02-10,0
240041253,8,2026-02-10,0
240041254,8,2026-02-10,0
240041255,8,2026-02-10,0
240041256,8,2026-02-10,0
240041257,8,2026-02-10,0
240041258,8,2026-02-10,0
240041259,8,2026-02-10,0
240041260,8,2026-02-10,0
240041101,8,2026-02-13,0
240041102,8,2026-02-13,0
240041103,8,2026-02-13,0
240041104,8,2026-02-13,0
240041105,8,2026-02-13,0
240041106,8,2026-02-13,0
240041107,8,2026-02-13,0
240041108,8,2026-02-13,0
240041109,8,2026-02-13,0
240041110,8,2026-02-13,0
240041111,8,2026-02-13,0
240041112,8,2026-02-13,0
240041113,8,2026-02-13,0
240041114,8,2026-02-13,0
240041115,8,2026-02-13,0
240041116,8,2026-02-13,0
240041117,8,2026-02-13,0
240041118,8,2026-02-13,0
240041119,8,2026-02-13,0
240041120,8,2026-02-13,0
240041121,8,2026-02-13,0
240041122,8,2026-02-13,0
240041123,8,2026-02-13,0
240041124,8,2026-02-13,0
240041125,8,2026-02-13,0
240041126,8,2026-02-13,0
240041127,8,2026-02-13,0
240041128,8,2026-02-13,0
240041129,8,2026-02-13,0
240041130,8,2026-02-13,0
240041131,8,2026-02-13,0
240041132,8,2026-02-13,0
240041133,8,2026-02-13,0
240041134,8,2026-02-13,0
240041135,8,2026-02-13,0
240041136,8,2026-02-13,0
240041137,8,2026-02-13,0
240041138,8,2026-02-13,0
240041139,8,2026-02-13,0
240041140,8,2026-02-13,0
240041141,8,2026-02-13,0
240041142,8,2026-02-13,0
240041143,8,2026-02-13,0
240041144,8,2026-02-13,0
240041145,8,2026-02-13,0
240041146,8,2026-02-13,0
240041147,8,2026-02-13,0
240041148,8,2026-02-13,0
240041149,8,2026-02-13,0
240041150,8,2026-02-13,0
240041151,8,2026-02-13,0
240041152,8,2026-02-13,0
240041153,8,2026-02-13,0
240041154,8,2026-02-13,0
240041155,8,2026-02-13,0
240041156,8,2026-02-13,0
240041157,8,2026-02-13,0
240041158,8,2026-02-13,0
240041159,8,2026-02-13,0
240041201,8,2026-02-13,0
240041202,8,2026-02-13,0
240041203,8,2026-02-13,0
240041204,8,2026-02-13,0
240041205,8,2026-02-13,0
240041206,8,2026-02-13,0
240041207,8,2026-02-13,0
240041208,8,2026-02-13,0
240041209,8,2026-02-13,0
240041210,8,2026-02-13,0
240041211,8,2026-02-13,0
240041212,8,2026-02-13,0
240041213,8,2026-02-13,0
240041214,8,2026-02-13,0
240041215,8,2026-02-13,0
240041216,8,2026-02-13,0
240041217,8,2026-02-13,0
240041218,8,2026-02-13,0
240041219,8,2026-02-13,0
240041220,8,2026-02-13,0
240041221,8,2026-02-13,0
240041222,8,2026-02-13,0
240041223,8,2026-02-13,0
240041224,8,2026-02-13,0
240041225,8,2026-02-13,0
240041226,8,2026-02-13,0
240041227,8,2026-02-13,0
240041228,8,2026-02-13,0
240041229,8,2026-02-13,0
240041230,8,2026-02-13,0
240041231,8,2026-02-13,0
240041232,8,2026-02-13,0
240041233,8,2026-02-13,0
240041234,8,2026-02-13,0
240041235,8,2026-02-13,0
240041236,8,2026-02-13,0
240041237,8,2026-02-13,0
240041238,8,2026-02-13,0
240041239,8,2026-02-13,0
240041240,8,2026-02-13,0
240041241,8,2026-02-13,0
240041242,8,2026-02-13,0
240041243,8,2026-02-13,0
240041244,8,2026-02-13,0
240041245,8,2026-02-13,0
240041246,8,2026-02-13,0
240041247,8,2026-02-13,0
240041248,8,2026-02-13,0
240041249,8,2026-02-13,0
240041250,8,2026-02-13,0
240041251,8,2026-02-13,0
240041252,8,2026-02-13,0
240041253,8,2026-02-13,0
240041254,8,2026-02-13,0
240041255,8,2026-02-13,0
240041256,8,2026-02-13,0
240041257,8,2026-02-13,0
240041258,8,2026-02-13,0
240041259,8,2026-02-13,0
240041260,8,2026-02-13,0
240041101,8,2026-02-16,0
240041102,8,2026-02-16,0
240041103,8,2026-02-16,0
240041104,8,2026-02-16,0
240041105,8,2026-02-16,0
240041106,8,2026-02-16,0
240041107,8,2026-02-16,0
240041108,8,2026-02-16,0
240041109,8,2026-02-16,0
240041110,8,2026-02-16,0
240041111,8,2026-02-16,0
240041112,8,2026-02-16,0
240041113,8,2026-02-16,0
240041114,8,2026-02-16,0
240041115,8,2026-02-16,0
240041116,8,2026-02-16,0
240041117,8,2026-02-16,0
240041118,8,2026-02-16,0
240041119,8,2026-02-16,0
240041120,8,2026-02-16,0
240041121,8,2026-02-16,0
240041122,8,2026-02-16,0
240041123,8,2026-02-16,0
240041124,8,2026-02-16,0
240041125,8,2026-02-16,0
240041126,8,2026-02-16,0
240041127,8,2026-02-16,0
240041128,8,2026-02-16,0
240041129,8,2026-02-16,0
240041130,8,2026-02-16,0
240041131,8,2026-02-16,0
240041132,8,2026-02-16,0
240041133,8,2026-02-16,0
240041134,8,2026-02-16,0
240041135,8,2026-02-16,0
240041136,8,2026-02-16,0
240041137,8,2026-02-16,0
240041138,8,2026-02-16,0
240041139,8,2026-02-16,0
240041140,8,2026-02-16,0
240041141,8,2026-02-16,0
240041142,8,2026-02-16,0
240041143,8,2026-02-16,0
240041144,8,2026-02-16,0
240041145,8,2026-02-16,0
240041146,8,2026-02-16,0
240041147,8,2026-02-16,0
240041148,8,2026-02-16,0
240041149,8,2026-02-16,0
240041150,8,2026-02-16,0
240041151,8,2026-02-16,0
240041152,8,2026-02-16,0
240041153,8,2026-02-16,0
240041154,8,2026-02-16,0
240041155,8,2026-02-16,0
240041156,8,2026-02-16,0
240041157,8,2026-02-16,0
240041158,8,2026-02-16,0
240041159,8,2026-02-16,0
240041201,8,2026-02-16,0
240041202,8,2026-02-16,0
240041203,8,2026-02-16,0
240041204,8,2026-02-16,0
240041205,8,2026-02-16,0
240041206,8,2026-02-16,0
240041207,8,2026-02-16,0
240041208,8,2026-02-16,0
240041209,8,2026-02-16,0
240041210,8,2026-02-16,0
240041211,8,2026-02-16,0
240041212,8,2026-02-16,0
240041213,8,2026-02-16,0
240041214,8,2026-02-16,0
240041215,8,2026-02-16,0
240041216,8,2026-02-16,0
240041217,8,2026-02-16,0
240041218,8,2026-02-16,0
240041219,8,2026-02-16,0
240041220,8,2026-02-16,0
240041221,8,2026-02-16,0
240041222,8,2026-02-16,0
240041223,8,2026-02-16,0
240041224,8,2026-02-16,0
240041225,8,2026-02-16,0
240041226,8,2026-02-16,0
240041227,8,2026-02-16,0
240041228,8,2026-02-16,0
240041229,8,2026-02-16,0
240041230,8,2026-02-16,0
240041231,8,2026-02-16,0
240041232,8,2026-02-16,0
240041233,8,2026-02-16,0
240041234,8,2026-02-16,0
240041235,8,2026-02-16,0
240041236,8,2026-02-16,0
240041237,8,2026-02-16,0
240041238,8,2026-02-16,0
240041239,8,2026-02-16,0
240041240,8,2026-02-16,0
240041241,8,2026-02-16,0
240041242,8,2026-02-16,0
240041243,8,2026-02-16,0
240041244,8,2026-02-16,0
240041245,8,2026-02-16,0
240041246,8,2026-02-16,0
240041247,8,2026-02-16,0
240041248,8,2026-02-16,0
240041249,8,2026-02-16,0
240041250,8,2026-02-16,0
240041251,8,2026-02-16,0
240041252,8,2026-02-16,0
240041253,8,2026-02-16,0
240041254,8,2026-02-16,0
240041255,8,2026-02-16,0
240041256,8,2026-02-16,0
240041257,8,2026-02-16,0
240041258,8,2026-02-16,0
240041259,8,2026-02-16,0
240041260,8,2026-02-16,0
240041101,8,2026-02-19,0
240041102,8,2026-02-19,0
240041103,8,2026-02-19,0
240041104,8,2026-02-19,0
240041105,8,2026-02-19,0
240041106,8,2026-02-19,0
240041107,8,2026-02-19,0
240041108,8,2026-02-19,0
240041109,8,2026-02-19,0
240041110,8,2026-02-19,0
240041111,8,2026-02-19,0
240041112,8,2026-02-19,0
240041113,8,2026-02-19,0
240041114,8,2026-02-19,0
240041115,8,2026-02-19,0
240041116,8,2026-02-19,0
240041117,8,2026-02-19,0
240041118,8,2026-02-19,0
240041119,8,2026-02-19,0
240041120,8,2026-02-19,0
240041121,8,2026-02-19,0
240041122,8,2026-02-19,0
240041123,8,2026-02-19,0
240041124,8,2026-02-19,0
240041125,8,2026-02-19,0
240041126,8,2026-02-19,0
240041127,8,2026-02-19,0
240041128,8,2026-02-19,0
240041129,8,2026-02-19,0
240041130,8,2026-02-19,0
240041131,8,2026-02-19,0
240041132,8,2026-02-19,0
240041133,8,2026-02-19,0
240041134,8,2026-02-19,0
240041135,8,2026-02-19,0
240041136,8,2026-02-19,0
240041137,8,2026-02-19,0
240041138,8,2026-02-19,0
240041139,8,2026-02-19,0
240041140,8,2026-02-19,0
240041141,8,2026-02-19,0
240041142,8,2026-02-19,0
240041143,8,2026-02-19,0
240041144,8,2026-02-19,0
240041145,8,2026-02-19,0
240041146,8,2026-02-19,0
240041147,8,2026-02-19,0
240041148,8,2026-02-19,0
240041149,8,2026-02-19,0
240041150,8,2026-02-19,0
240041151,8,2026-02-19,0
240041152,8,2026-02-19,0
240041153,8,2026-02-19,0
240041154,8,2026-02-19,0
240041155,8,2026-02-19,0
240041156,8,2026-02-19,0
240041157,8,2026-02-19,0
240041158,8,2026-02-19,0
240041159,8,2026-02-19,0
240041201,8,2026-02-19,0
240041202,8,2026-02-19,0
240041203,8,2026-02-19,0
240041204,8,2026-02-19,0
240041205,8,2026-02-19,0
240041206,8,2026-02-19,0
240041207,8,2026-02-19,0
240041208,8,2026-02-19,0
240041209,8,2026-02-19,0
240041210,8,2026-02-19,0
240041211,8,2026-02-19,0
240041212,8,2026-02-19,0
240041213,8,2026-02-19,0
240041214,8,2026-02-19,0
240041215,8,2026-02-19,0
240041216,8,2026-02-19,0
240041217,8,2026-02-19,0
240041218,8,2026-02-19,0
240041219,8,2026-02-19,0
240041220,8,2026-02-19,0
240041221,8,2026-02-19,0
240041222,8,2026-02-19,0
240041223,8,2026-02-19,0
240041224,8,2026-02-19,0
240041225,8,2026-02-19,0
240041226,8,2026-02-19,0
240041227,8,2026-02-19,0
240041228,8,2026-02-19,0
240041229,8,2026-02-19,0
240041230,8,2026-02-19,0
240041231,8,2026-02-19,0
240041232,8,2026-02-19,0
240041233,8,2026-02-19,0
240041234,8,2026-02-19,0
240041235,8,2026-02-19,0
240041236,8,2026-02-19,0
240041237,8,2026-02-19,0
240041238,8,2026-02-19,0
240041239,8,2026-02-19,0
240041240,8,2026-02-19,0
240041241,8,2026-02-19,0
240041242,8,2026-02-19,0
240041243,8,2026-02-19,0
240041244,8,2026-02-19,0
240041245,8,2026-02-19,0
240041246,8,2026-02-19,0
240041247,8,2026-02-19,0
240041248,8,2026-02-19,0
240041249,8,2026-02-19,0
240041250,8,2026-02-19,0
240041251,8,2026-02-19,0
240041252,8,2026-02-19,0
240041253,8,2026-02-19,0
240041254,8,2026-02-19,0
240041255,8,2026-02-19,0
240041256,8,2026-02-19,0
240041257,8,2026-02-19,0
240041258,8,2026-02-19,0
240041259,8,2026-02-19,0
240041260,8,2026-02-19,0
240041101,8,2026-02-22,0
240041102,8,2026-02-22,0
240041103,8,2026-02-22,0
240041104,8,2026-02-22,0
240041105,8,2026-02-22,0
240041106,8,2026-02-22,0
240041107,8,2026-02-22,0
240041108,8,2026-02-22,0
240041109,8,2026-02-22,0
240041110,8,2026-02-22,0
240041111,8,2026-02-22,0
240041112,8,2026-02-22,0
240041113,8,2026-02-22,0
240041114,8,2026-02-22,0
240041115,8,2026-02-22,0
240041116,8,2026-02-22,0
240041117,8,2026-02-22,0
240041118,8,2026-02-22,0
240041119,8,2026-02-22,0
240041120,8,2026-02-22,0
240041121,8,2026-02-22,0
240041122,8,2026-02-22,0
240041123,8,2026-02-22,0
240041124,8,2026-02-22,0
240041125,8,2026-02-22,0
240041126,8,2026-02-22,0
240041127,8,2026-02-22,0
240041128,8,2026-02-22,0
240041129,8,2026-02-22,0
240041130,8,2026-02-22,0
240041131,8,2026-02-22,0
240041132,8,2026-02-22,0
240041133,8,2026-02-22,0
240041134,8,2026-02-22,0
240041135,8,2026-02-22,0
240041136,8,2026-02-22,0
240041137,8,2026-02-22,0
240041138,8,2026-02-22,0
240041139,8,2026-02-22,0
240041140,8,2026-02-22,0
240041141,8,2026-02-22,0
240041142,8,2026-02-22,0
240041143,8,2026-02-22,0
240041144,8,2026-02-22,0
240041145,8,2026-02-22,0
240041146,8,2026-02-22,0
240041147,8,2026-02-22,0
240041148,8,2026-02-22,0
240041149,8,2026-02-22,0
240041150,8,2026-02-22,0
240041151,8,2026-02-22,0
240041152,8,2026-02-22,0
240041153,8,2026-02-22,0
240041154,8,2026-02-22,0
240041155,8,2026-02-22,0
240041156,8,2026-02-22,0
240041157,8,2026-02-22,0
240041158,8,2026-02-22,0
240041159,8,2026-02-22,0
240041201,8,2026-02-22,0
240041202,8,2026-02-22,0
240041203,8,2026-02-22,0
240041204,8,2026-02-22,0
240041205,8,2026-02-22,0
240041206,8,2026-02-22,0
240041207,8,2026-02-22,0
240041208,8,2026-02-22,0
240041209,8,2026-02-22,0
240041210,8,2026-02-22,0
240041211,8,2026-02-22,0
240041212,8,2026-02-22,0
240041213,8,2026-02-22,0
240041214,8,2026-02-22,0
240041215,8,2026-02-22,0
240041216,8,2026-02-22,0
240041217,8,2026-02-22,0
240041218,8,2026-02-22,0
240041219,8,2026-02-22,0
240041220,8,2026-02-22,0
240041221,8,2026-02-22,0
240041222,8,2026-02-22,0
240041223,8,2026-02-22,0
240041224,8,2026-02-22,0
240041225,8,2026-02-22,0
240041226,8,2026-02-22,0
240041227,8,2026-02-22,0
240041228,8,2026-02-22,0
240041229,8,2026-02-22,0
240041230,8,2026-02-22,0
240041231,8,2026-02-22,0
240041232,8,2026-02-22,0
240041233,8,2026-02-22,0
240041234,8,2026-02-22,0
240041235,8,2026-02-22,0
240041236,8,2026-02-22,0
240041237,8,2026-02-22,0
240041238,8,2026-02-22,0
240041239,8,2026-02-22,0
240041240,8,2026-02-22,0
240041241,8,2026-02-22,0
240041242,8,2026-02-22,0
240041243,8,2026-02-22,0
240041244,8,2026-02-22,0
240041245,8,2026-02-22,0
240041246,8,2026-02-22,0
240041247,8,2026-02-22,0
240041248,8,2026-02-22,0
240041249,8,2026-02-22,0
240041250,8,2026-02-22,0
240041251,8,2026-02-22,0
240041252,8,2026-02-22,0
240041253,8,2026-02-22,0
240041254,8,2026-02-22,0
240041255,8,2026-02-22,0
240041256,8,2026-02-22,0
240041257,8,2026-02-22,0
240041258,8,2026-02-22,0
240041259,8,2026-02-22,0
240041260,8,2026-02-22,0
